{
  "format_version": "1.10.0",
  "animation_controllers": {
    "controller.animation.despawn": {
      "states": {
        "default": {
          "transitions": [
            {
              "despawn": "!query.has_rider"
            }
          ]
        },
        "despawn": {
          "on_entry": [
            "@s minecraft:despawn"
          ],
          "transitions": [
            {
              "default": "1.0"
            }
          ]
        }
      }
    }
  }
}