{
  "format_version": "1.10.0",
  "animation_controllers": {
    "controller.animation.wolf_sword": {
      "states": {
        "wolf_transformation": {
          "transitions": [
            {
              "wolf_sword": "query.get_equipped_item_name('main_hand') == 'wolf_sword' && query.moon_phase == 0 && (query.time_of_day >= 0.77 && query.time_of_day <= 0.78)"
            }
          ]
        },
        "wolf_sword": {
          "on_entry": [
            "@s wolf_sword_start_events"
          ],
          "transitions": [
            {
              "wolf_transformation": "1.0"
            }
          ]
        }
      }
    }
  }
}