{
		"format_version": "1.8.0",
	"minecraft:entity": {
		"description": {
			"identifier": "floating:text",
			"is_spawnable": true,
			"is_summonable": true,
			"is_experimental": false
		},
		"component_groups": {
			"invisibility": {
				"minecraft:scale": {
					"value": 0.0000000001
				}
			},
			"die": {
				"minecraft:health": {
					"value": -1
				}
			},
			"normal": {
				"minecraft:scale": {
					"value": 1
				}
			}
		},

		"components": {
			"minecraft:identifier": {
				"id": "minecraft:bat"
			},
			"minecraft:interact": [{
					"on_interact": {
						"filters": {
							"all_of": [{
									"test": "is_family",
									"subject": "other",
									"value": "player"
								},
								{
									"test": "has_equipment",
									"domain": "hand",
									"subject": "other",
									"value": "wooden_axe"
								}
							]
						},
						"event": "invisibility"
					},
					"play_sounds": "random.hurt",
					"interact_text": "become invisible"
				},
				{
					"on_interact": {
						"filters": {
							"all_of": [{
									"test": "is_family",
									"subject": "other",
									"value": "player"
								},
								{
									"test": "has_equipment",
									"domain": "hand",
									"subject": "other",
									"value": "barrier"
								}
							]
						},
						"event": "die"
					},
					"play_sounds": "random.hurt",
					"interact_text": "die"
				}
			],
			"minecraft:knockback_resistance": {
				"value": 1
			},
			"minecraft:type_family": {
				"family": ["bat"]
			},
			"minecraft:breathable": {
				"totalSupply": 15,
				"suffocateTime": 0
			},
			"minecraft:push_through": {
				"value": 1
			},
			"minecraft:collision_box": {
				"width": 0.5,
				"height": 0.5
			},
			"minecraft:fall_damage": {
				"value": 0.0
			},

			"minecraft:movement": {
				"value": -1
			},
			"minecraft:navigation.float": {
				"can_float": true
			},
			"minecraft:movement.basic": {},
			"minecraft:behavior.float_wander": {
				"xz_dist": 10,
				"y_dist": 7,
				"y_offset": -2.0,
				"random_reselect": true,
				"float_duration": [0.1, 0.35]
			},
			"minecraft:can_fly": {},
			"minecraft:damage_sensor": [{
				"cause": "any",
				"deals_damage": false
			}],
			"minecraft:nameable": {
				"alwaysShow": true,
				"allowNameTagRenaming": true
			}
		},
		"events": {
			"invisibility": {
				"add": {
					"component_groups": [
						"invisibility"
					]
				}
			},
			"die": {
				"add": {
					"component_groups": [
						"die"
					]
				}
			},
			"minecraft:entity_spawned": {
				"add": {
					"component_groups": [
						"normal"
					]
				}
			}

		}
	}
}