{
  "format_version": "1.11.0",
  "minecraft:entity": {
    "description": {
      "identifier": "entity:netherstarfall",
      "is_spawnable": false,
      "is_summonable": true,
      "is_experimental": false
    },
    "components": {
      "minecraft:type_family": {
        "family": [
          "item"
        ]
      },
      "minecraft:health": {
        "value": 1
      },
      "minecraft:loot": {
       "table": "loot_tables/entities/netherstarfall.json"
      },
      "minecraft:collision_box": {
        "width": 0,
        "height": 0
      },
      "minecraft:fire_immune": true,
      "minecraft:physics": {}
    }
  }
}