{
  "format_version": "1.16.100",
  "minecraft:block": {
    "description": {
      "identifier": "effect99:lucky_fountain",
      "is_experimental": false
    },
    "components": {
      "minecraft:loot": "loot_tables/null.json",
      "minecraft:destroy_time": 0.2,
      "minecraft:geometry": "geometry.lucky_block",
      "minecraft:material_instances": {
        "*": {
          "texture": "lucky_fountain",
          "render_method": "blend"
        }
      },
      "minecraft:block_light_emission": 0,
      "minecraft:flammable": {
        "flame_odds": 0,
        "burn_odds": 0
      },
      "minecraft:on_step_on": {
        "event": "lucky_fountain",
        "target": "self"
      },
      "minecraft:on_player_destroyed": {
        "event": "lucky_fountain",
        "target": "self"
      },
      "minecraft:explosion_resistance": 1,
      "minecraft:block_light_absorption": 0,
      "minecraft:map_color": "#000000"
    },
    "events": {
      "lucky_fountain": {
        "sequence": [
          {
            "run_command": {
              "command": [
                "fill ~ ~1 ~ ~ ~2 ~ air 0",
                "setblock ~ ~ ~ iron_block",
                "setblock ~ ~1 ~ beacon"
              ]
            }
          },
          {
            "randomize": [
              {
                "weight": 40,
                "run_command": {
                  "command": [
                    "setblock ~2 ~16 ~2 effect99:luckyfountain1",
                    "setblock ~-2 ~16 ~-2 effect99:luckyfountain1",
                    "setblock ~2 ~16 ~-2 effect99:luckyfountain1",
                    "setblock ~-2 ~16 ~2 effect99:luckyfountain1",
                    "setblock ~2 ~17 ~2 effect99:luckyfountain1",
                    "setblock ~-2 ~17 ~-2 effect99:luckyfountain1",
                    "setblock ~2 ~17 ~-2 effect99:luckyfountain1",
                    "setblock ~-2 ~17 ~2 effect99:luckyfountain1",
                    "summon fireworks_rocket ~ ~1 ~",
                    "setblock ~ ~5 ~ stained_glass 4"
                  ]
                }
              },
              {
                "weight": 40,
                "run_command": {
                  "command": [
                    "setblock ~2 ~16 ~2 effect99:luckyfountain2",
                    "setblock ~-2 ~16 ~-2 effect99:luckyfountain2",
                    "setblock ~2 ~16 ~-2 effect99:luckyfountain2",
                    "setblock ~-2 ~16 ~2 effect99:luckyfountain2",
                    "setblock ~2 ~17 ~2 effect99:luckyfountain2",
                    "setblock ~-2 ~17 ~-2 effect99:luckyfountain2",
                    "setblock ~2 ~17 ~-2 effect99:luckyfountain2",
                    "setblock ~-2 ~17 ~2 effect99:luckyfountain2",
                    "function luckytellraw1",
                    "summon fireworks_rocket ~ ~1 ~",
                    "setblock ~ ~5 ~ stained_glass 1"
                  ]
                }
              },
              {
                "weight": 20,
                "run_command": {
                  "command": [
                    "summon tnt ~2 ~15 ~",
                    "summon tnt ~-2 ~15 ~",
                    "summon tnt ~ ~15 ~2",
                    "summon tnt ~ ~15 ~-2",
                    "summon tnt ~2 ~15 ~2",
                    "summon tnt ~2 ~15 ~-2",
                    "summon tnt ~-2 ~15 ~2",
                    "summon tnt ~-2 ~15 ~-2",
                    "summon tnt ~4 ~15 ~",
                    "summon tnt ~-4 ~15 ~",
                    "summon tnt ~ ~15 ~4",
                    "summon tnt ~ ~15 ~-4",
                    "summon tnt ~4 ~15 ~4",
                    "summon tnt ~4 ~15 ~-4",
                    "summon tnt ~-4 ~15 ~4",
                    "summon tnt ~-4 ~15 ~-4",
                    "function luckytellraw2",
                    "setblock ~ ~5 ~ stained_glass 14"
                  ]
                }
              }
            ]
          }
        ]
      }
    }
  }
}