{
  "format_version": "1.16.100",
  "minecraft:block": {
    "description": {
      "identifier": "effect99:lucky_mobs",
      "is_experimental": false
    },
    "components": {
      "minecraft:loot": "loot_tables/empty.json",
      "minecraft:destroy_time": 0.6,
      "minecraft:material_instances": {
        "*": {
          "texture": "lucky_mobs",
          "render_method": "blend"
        }
      },
      "minecraft:block_light_emission": 0,
      "minecraft:flammable": {
        "flame_odds": 0,
        "burn_odds": 0
      },
      "minecraft:on_player_destroyed": {
        "event": "lucky_block",
        "target": "self"
      },
      "minecraft:friction": 0.5,
      "minecraft:explosion_resistance": 999,
      "minecraft:block_light_absorption": 0,
      "minecraft:map_color": "#303184"
    },
    "events": {
      "lucky_block": {
        "randomize": [
          //Entities
          {
            "weight": 1,
            "run_command": {
              "command": [
                "structure load pig_stack ~~~"
              ]
            }
          },
          {
            "weight": 1,
            "run_command": {
              "command": [
                "structure load pigman_stack ~-2 ~ ~-2"
              ]
            }
          },
          {
            "weight": 1,
            "run_command": {
              "command": [
                "structure load creeper_stack ~~~"
              ]
            }
          },
          {
            "weight": 1,
            "randomize": [
              { "weight": 1, "run_command": { "command": [ "summon horse Dinnerbone ~ ~ ~" ] } },
              { "weight": 1, "run_command": { "command": [ "summon creeper Dinnerbone ~ ~ ~" ] } },
              { "weight": 1, "run_command": { "command": [ "summon wolf Dinnerbone ~ ~ ~" ] } },
              { "weight": 1, "run_command": { "command": [ "summon cat Dinnerbone ~ ~ ~" ] } },
              { "weight": 1, "run_command": { "command": [ "summon villager Dinnerbone ~ ~ ~" ] } },
              { "weight": 1, "run_command": { "command": [ "summon blaze Dinnerbone ~ ~ ~" ] } },
              { "weight": 1, "run_command": { "command": [ "summon zombie Dinnerbone ~ ~ ~" ] } },
              { "weight": 1, "run_command": { "command": [ "summon skeleton Dinnerbone ~ ~ ~" ] } },
              { "weight": 1, "run_command": { "command": [ "summon slime Dinnerbone ~ ~ ~" ] } },
              { "weight": 1, "run_command": { "command": [ "summon axolotl Dinnerbone ~ ~ ~" ] } },
              { "weight": 1, "run_command": { "command": [ "summon goat Dinnerbone ~ ~ ~" ] } },
              { "weight": 1, "run_command": { "command": [ "summon pig Dinnerbone ~ ~ ~" ] } },
              { "weight": 1, "run_command": { "command": [ "summon sheep Dinnerbone ~ ~ ~" ] } },
              { "weight": 1, "run_command": { "command": [ "summon chicken Dinnerbone ~ ~ ~" ] } },
              { "weight": 1, "run_command": { "command": [ "summon cow Dinnerbone ~ ~ ~" ] } },
              { "weight": 1, "run_command": { "command": [ "summon turtle Dinnerbone ~ ~ ~" ] } },
              { "weight": 1, "run_command": { "command": [ "summon enderman Dinnerbone ~ ~ ~" ] } }
            ]
          },
          {
            "weight": 1,
            "run_command": {
              "command": [
                "summon tnt"
              ]
            }
          },
          {
            "weight": 1,
            "run_command": {
              "command": [
                "summon lightning_bolt",
                "summon lightning_bolt",
                "summon lightning_bolt",
                "summon lightning_bolt",
                "summon lightning_bolt",
                "summon lightning_bolt",
                "summon lightning_bolt",
                "summon lightning_bolt",
                "summon lightning_bolt",
                "summon lightning_bolt",
                "summon lightning_bolt",
                "summon lightning_bolt",
                "summon lightning_bolt",
                "summon lightning_bolt",
                "summon lightning_bolt",
                "summon lightning_bolt",
                "summon lightning_bolt",
                "summon lightning_bolt",
                "summon lightning_bolt",
                "summon lightning_bolt"
              ]
            }
          },
          {
            "weight": 1,
            "run_command": {
              "command": [
                "structure load Bob ~ ~ ~"
              ]
            }
          },
          {
            "weight": 1,
            "run_command": {
              "command": [
                "summon spider ~~~ mini_spider",
                "summon spider ~~~ mini_spider",
                "summon spider ~~~ mini_spider",
                "summon spider ~~~ mini_spider",
                "summon spider ~~~ mini_spider",
                "summon spider ~~~ mini_spider",
                "summon spider ~~~ mini_spider",
                "summon spider ~~~ mini_spider",
                "summon spider ~~~ mini_spider",
                "summon spider ~~~ mini_spider",
                "summon spider ~~~ mini_spider",
                "summon spider ~~~ mini_spider",
                "summon spider ~~~ mini_spider",
                "summon spider ~~~ mini_spider",
                "summon spider ~~~ mini_spider"
              ]
            }
          },
          {
            "weight": 1,
            "run_command": {
              "command": [
                "summon zombie ~ ~ ~ minecraft:zombie_giant"
              ]
            }
          },
          {
            "weight": 1,
            "run_command": {
              "command": [
                "summon tnt ~ ~ ~ instant_explode"
              ]
            }
          },
          {
            "weight": 1,
            "run_command": {
              "command": [
                "summon xp_bottle ~ ~ ~ modified_xp_bottle"
              ]
            }
          },
          {
            "weight": 1,
            "run_command": {
              "command": [
                "summon sheep jeb_ ~ ~ ~"
              ]
            }
          },
          {
            "weight": 1,
            "run_command": {
              "command": [
                "summon creeper",
                "summon lightning_bolt ~ ~1.2 ~"
              ]
            }
          },
          {
            "weight": 1,
            "randomize": [
              { "weight": 80, "run_command": { "command": [ "summon creeper" ] } },
              { "weight": 15, "run_command": { "command": [ "summon creeper", "summon creeper" ] } },
              { "weight": 5, "run_command": { "command": [ "summon creeper", "summon creeper", "summon creeper" ] } }
            ]
          },
          {
            "weight": 1,
            "randomize": [
              { "weight": 80, "run_command": { "command": [ "summon slime" ] } },
              { "weight": 10, "run_command": { "command": [ "summon slime", "summon slime" ] } },
              { "weight": 10, "run_command": { "command": [ "summon slime", "summon slime", "summon slime" ] } }
            ]
          },
          {
            "weight": 1,
            "randomize": [
              { "weight": 50, "run_command": { "command": [ "summon skeleton" ] } },
              { "weight": 25, "run_command": { "command": [ "summon skeleton", "summon skeleton" ] } },
              { "weight": 25, "run_command": { "command": [ "summon skeleton", "summon skeleton", "summon skeleton" ] } }
            ]
          },
          {
            "weight": 1,
            "randomize": [
              { "weight": 1, "run_command": { "command": [ "summon zombie" ] } },
              { "weight": 1, "run_command": { "command": [ "summon zombie", "summon zombie" ] } },
              { "weight": 1, "run_command": { "command": [ "summon zombie", "summon zombie", "summon zombie" ] } }
            ]
          },
          {
            "weight": 1,
            "randomize": [
              { "weight": 80, "run_command": { "command": [ "summon spider" ] } },
              { "weight": 15, "run_command": { "command": [ "summon spider", "summon spider" ] } },
              { "weight": 5, "run_command": { "command": [ "summon spider", "summon spider", "summon spider" ] } }
            ]
          },
          {
            "weight": 1,
            "randomize": [
              { "weight": 1, "run_command": { "command": [ "summon cave_spider" ] } },
              { "weight": 1, "run_command": { "command": [ "summon cave_spider", "summon cave_spider", "summon cave_spider" ] } },
              { "weight": 1, "run_command": { "command": [ "summon cave_spider", "summon cave_spider", "summon cave_spider", "summon cave_spider" ] } },
              { "weight": 1, "run_command": { "command": [ "summon cave_spider", "summon cave_spider", "summon cave_spider", "summon cave_spider", "summon cave_spider", "summon cave_spider", "summon cave_spider", "summon cave_spider","summon cave_spider", "summon cave_spider", "summon cave_spider" ] } }
            ]
          },
          {
            "weight": 1,
            "randomize": [
              { "weight": 1, "run_command": { "command": [ "summon minecraft:pillager" ] } },
              { "weight": 1, "run_command": { "command": [ "summon minecraft:pillager", "summon minecraft:pillager" ] } },
              { "weight": 1, "run_command": { "command": [ "summon minecraft:pillager", "summon minecraft:pillager", "summon minecraft:pillager" ] } }
            ]
          },
          {
            "weight": 1,
            "randomize": [
              { "weight": 10, "run_command": { "command": [ "summon silverfish", "summon silverfish", "summon silverfish", "summon silverfish" ] } },
              { "weight": 20, "run_command": { "command": [ "summon silverfish", "summon silverfish", "summon silverfish", "summon silverfish", "summon silverfish", "summon silverfish", "summon silverfish", "summon silverfish" ] } },
              { "weight": 70, "run_command": { "command": [ "summon silverfish", "summon silverfish", "summon silverfish", "summon silverfish", "summon silverfish", "summon silverfish", "summon silverfish", "summon silverfish", "summon silverfish", "summon silverfish", "summon silverfish", "summon silverfish", "summon silverfish", "summon silverfish", "summon silverfish", "summon silverfish" ] } }
            ]
          },
          {
            "weight": 1,
            "randomize": [
              { "weight": 80, "run_command": { "command": [ "summon blaze" ] } },
              { "weight": 10, "run_command": { "command": [ "summon blaze", "summon blaze" ] } },
              { "weight": 10, "run_command": { "command": [ "summon blaze", "summon blaze", "summon blaze" ] } }
            ]
          },
          {
            "weight": 1,
            "randomize": [
              { "weight": 80, "run_command": { "command": [ "summon wither_skeleton" ] } },
              { "weight": 15, "run_command": { "command": [ "summon wither_skeleton", "summon wither_skeleton" ] } },
              { "weight": 5, "run_command": { "command": [ "summon wither_skeleton", "summon wither_skeleton", "summon wither_skeleton" ] } }
            ]
          },
          {
            "weight": 1,
            "randomize": [
              { "weight": 95, "run_command": { "command": [ "summon evocation_illager" ] } },
              { "weight": 5, "run_command": { "command": [ "summon evocation_illager", "summon vindicator", "summon vindicator" ] } }
            ]
          },
          {
            "weight": 1,
            "randomize": [
              { "weight": 95, "run_command": { "command": [ "summon vindicator" ] } },
              { "weight": 5, "run_command": { "command": [ "summon vindicator ~ ~ ~ minecraft:start_johnny" ] } }
            ]
          },
          {
            "weight": 1,
            "randomize": [
              { "weight": 80, "run_command": { "command": [ "summon guardian" ] } },
              { "weight": 15, "run_command": { "command": [ "summon guardian", "summon guardian" ] } },
              { "weight": 5, "run_command": { "command": [ "summon guardian", "summon guardian", "summon guardian" ] } }
            ]
          },
          {
            "weight": 1,
            "randomize": [
              { "weight": 80, "run_command": { "command": [ "summon phantom" ] } },
              { "weight": 15, "run_command": { "command": [ "summon phantom", "summon phantom" ] } },
              { "weight": 5, "run_command": { "command": [ "summon phantom", "summon phantom", "summon phantom" ] } }
            ]
          },
          {
            "weight": 1,
            "randomize": [
              { "weight": 80, "run_command": { "command": [ "summon ghast" ] } },
              { "weight": 15, "run_command": { "command": [ "summon ghast", "summon ghast" ] } },
              { "weight": 5, "run_command": { "command": [ "summon ghast", "summon ghast", "summon ghast" ] } }
            ]
          },
          {
            "weight": 1,
            "randomize": [
              { "weight": 60, "run_command": { "command": [ "summon vex" ] } },
              { "weight": 20, "run_command": { "command": [ "summon vex", "summon vex" ] } },
              { "weight": 10, "run_command": { "command": [ "summon vex", "summon vex", "summon vex" ] } },
              { "weight": 5, "run_command": { "command": [ "summon vex", "summon vex", "summon vex", "summon vex" ] } },
              { "weight": 5, "run_command": { "command": [ "summon vex", "summon vex", "summon vex", "summon vex", "summon vex" ] } }
            ]
          },
          {
            "weight": 1,
            "randomize": [
              { "weight": 85, "run_command": { "command": [ "summon ravager" ] } },
              { "weight": 15, "run_command": { "command": [ "summon elder_guardian" ] } }
            ]
          },
          {
            "weight": 1,
            "randomize": [
              { "weight": 90, "run_command": { "command": [ "summon witch" ] } },
              { "weight": 10, "run_command": { "command": [ "summon witch", "summon witch" ] } }
            ]
          },
          {
            "weight": 1,
            "randomize": [
              { "weight": 95, "run_command": { "command": [ "summon pufferfish" ] } },
              { "weight": 5, "run_command": { "command": [ "summon pufferfish", "summon pufferfish" ] } }
            ]
          },
          {
            "weight": 1,
            "randomize": [
              { "weight": 80, "run_command": { "command": [ "summon magma_cube" ] } },
              { "weight": 15, "run_command": { "command": [ "summon magma_cube", "summon magma_cube" ] } },
              { "weight": 5, "run_command": { "command": [ "summon magma_cube", "summon magma_cube", "summon magma_cube" ] } }
            ]
          },
          {
            "weight": 1,
            "randomize": [
              { "weight": 55, "run_command": { "command": [ "summon chicken" ] } },
              { "weight": 20, "run_command": { "command": [ "summon chicken", "summon chicken" ] } },
              { "weight": 15, "run_command": { "command": [ "summon chicken", "summon chicken", "summon chicken" ] } },
              { "weight": 10, "run_command": { "command": [ "summon chicken", "summon chicken", "summon chicken", "summon chicken" ] } }
            ]
          },
          {
            "weight": 1,
            "randomize": [
              { "weight": 55, "run_command": { "command": [ "summon cod" ] } },
              { "weight": 20, "run_command": { "command": [ "summon cod", "summon cod" ] } },
              { "weight": 15, "run_command": { "command": [ "summon cod", "summon cod", "summon cod" ] } },
              { "weight": 10, "run_command": { "command": [ "summon cod", "summon cod", "summon cod", "summon cod" ] } }
            ]
          },
          {
            "weight": 1,
            "randomize": [
              { "weight": 55, "run_command": { "command": [ "summon pig" ] } },
              { "weight": 20, "run_command": { "command": [ "summon pig", "summon pig" ] } },
              { "weight": 15, "run_command": { "command": [ "summon pig", "summon pig", "summon pig" ] } },
              { "weight": 10, "run_command": { "command": [ "summon pig", "summon pig", "summon pig", "summon pig" ] } }
            ]
          },
          {
            "weight": 1,
            "randomize": [
              { "weight": 55, "run_command": { "command": [ "summon cow" ] } },
              { "weight": 20, "run_command": { "command": [ "summon cow", "summon cow" ] } },
              { "weight": 15, "run_command": { "command": [ "summon cow", "summon cow", "summon cow" ] } },
              { "weight": 10, "run_command": { "command": [ "summon cow", "summon cow", "summon cow", "summon cow" ] } }
            ]
          },
          {
            "weight": 1,
            "randomize": [
              { "weight": 55, "run_command": { "command": [ "summon sheep" ] } },
              { "weight": 20, "run_command": { "command": [ "summon sheep", "summon sheep" ] } },
              { "weight": 15, "run_command": { "command": [ "summon sheep", "summon sheep", "summon sheep" ] } },
              { "weight": 10, "run_command": { "command": [ "summon sheep", "summon sheep", "summon sheep", "summon sheep" ] } }
            ]
          },
          {
            "weight": 1,
            "randomize": [
              { "weight": 55, "run_command": { "command": [ "summon chicken" ] } },
              { "weight": 20, "run_command": { "command": [ "summon chicken", "summon chicken" ] } },
              { "weight": 15, "run_command": { "command": [ "summon chicken", "summon chicken", "summon chicken" ] } },
              { "weight": 10, "run_command": { "command": [ "summon chicken", "summon chicken", "summon chicken", "summon chicken" ] } }
            ]
          },
          {
            "weight": 1,
            "randomize": [
              { "weight": 65, "run_command": { "command": [ "summon wolf" ] } },
              { "weight": 20, "run_command": { "command": [ "summon wolf", "summon wolf" ] } },
              { "weight": 15, "run_command": { "command": [ "summon wolf", "summon wolf", "summon wolf" ] } }
            ]
          },
          {
            "weight": 1,
            "randomize": [
              { "weight": 65, "run_command": { "command": [ "summon cat" ] } },
              { "weight": 20, "run_command": { "command": [ "summon cat", "summon cat" ] } },
              { "weight": 15, "run_command": { "command": [ "summon cat", "summon cat", "summon cat" ] } }
            ]
          },
          {
            "weight": 1,
            "randomize": [
              { "weight": 55, "run_command": { "command": [ "summon parrot" ] } },
              { "weight": 20, "run_command": { "command": [ "summon parrot", "summon parrot" ] } },
              { "weight": 15, "run_command": { "command": [ "summon parrot", "summon parrot", "summon parrot" ] } },
              { "weight": 10, "run_command": { "command": [ "summon parrot", "summon parrot", "summon parrot", "summon parrot" ] } }
            ]
          },
          {
            "weight": 1,
            "randomize": [
              { "weight": 55, "run_command": { "command": [ "summon rabbit" ] } },
              { "weight": 20, "run_command": { "command": [ "summon rabbit", "summon rabbit" ] } },
              { "weight": 15, "run_command": { "command": [ "summon rabbit", "summon rabbit", "summon rabbit" ] } },
              { "weight": 10, "run_command": { "command": [ "summon rabbit", "summon rabbit", "summon rabbit", "summon rabbit" ] } }
            ]
          },
          {
            "weight": 1,
            "randomize": [
              { "weight": 80, "run_command": { "command": [ "summon polar_bear" ] } },
              { "weight": 20, "run_command": { "command": [ "summon polar_bear", "summon polar_bear" ] } }
            ]
          },
          {
            "weight": 1,
            "run_command": { 
              "command": [ 
                "summon wandering_trader" 
              ] 
            }
          },
          {
            "weight": 1,
            "randomize": [
              { "weight": 80, "run_command": { "command": [ "summon horse" ] } },
              { "weight": 15, "run_command": { "command": [ "summon horse", "summon horse" ] } },
              { "weight": 5, "run_command": { "command": [ "summon horse", "summon horse", "summon horse" ] } }
            ]
          },
          {
            "weight": 1,
            "randomize": [
              { "weight": 70, "run_command": { "command": [ "summon minecraft:bee" ] } },
              { "weight": 20, "run_command": { "command": [ "summon minecraft:bee", "summon minecraft:bee" ] } },
              { "weight": 10, "run_command": { "command": [ "summon minecraft:bee", "summon minecraft:bee", "summon minecraft:bee" ] } }
            ]
          },
          {
            "weight": 1,
            "randomize": [
              { "weight": 70, "run_command": { "command": [ "summon fox" ] } },
              { "weight": 20, "run_command": { "command": [ "summon fox", "summon fox" ] } },
              { "weight": 10, "run_command": { "command": [ "summon fox", "summon fox", "summon fox" ] } }
            ]
          },
          {
            "weight": 1,
            "randomize": [
              { "weight": 70, "run_command": { "command": [ "summon panda" ] } },
              { "weight": 20, "run_command": { "command": [ "summon panda", "summon panda" ] } },
              { "weight": 10, "run_command": { "command": [ "summon panda", "summon panda", "summon panda" ] } }
            ]
          },
          {
            "weight": 1,
            "randomize": [
              { "weight": 70, "run_command": { "command": [ "summon turtle" ] } },
              { "weight": 20, "run_command": { "command": [ "summon turtle", "summon turtle" ] } },
              { "weight": 10, "run_command": { "command": [ "summon turtle", "summon turtle", "summon turtle" ] } }
            ]
          },
          {
            "weight": 1,
            "run_command": {
              "command": [
                "summon zombie_horse"
              ]
            }
          },
          {
            "weight": 1,
            "randomize": [
              { "weight": 50, "run_command": { "command": [ "summon skeleton_horse" ] } },
              { "weight": 50, "run_command": { "command": [ "summon skeleton_horse ~ ~ ~ minecraft:set_trap" ] } }
            ]
          },
          {
            "weight": 1,
            "randomize": [
              { "weight": 80, "run_command": { "command": [ "summon villager" ] } },
              { "weight": 15, "run_command": { "command": [ "summon villager", "summon villager" ] } },
              { "weight": 5, "run_command": { "command": [ "summon villager", "summon villager", "summon villager" ] } }
            ]
          },
          {
            "weight": 1,
            "randomize": [
              { "weight": 1, "run_command": { "command": [ "structure load lucky_villager1" ] } },
              { "weight": 1, "run_command": { "command": [ "structure load lucky_villager2" ] } },
              { "weight": 1, "run_command": { "command": [ "structure load lucky_villager5" ] } },
              { "weight": 1, "run_command": { "command": [ "structure load lucky_villager8" ] } },
              { "weight": 1, "run_command": { "command": [ "structure load lucky_villager9" ] } }
            ]
          },
          {
            "weight": 1,
            "run_command": {
              "command": [
                "structure load slime_stack ~ ~ ~"
              ]
            }
          },
          {
            "weight": 1,
            "run_command": {
              "command": [
                "structure load giant_slime ~ ~ ~"
              ]
            }
          },
          {
            "weight": 1,
            "run_command": {
              "command": [
                "structure load ghostly_horseman ~ ~ ~"
              ]
            }
          }
        ]
      }
    }
  }
}