{
 "format_version": "1.16.100",
 "minecraft:block": {
  "description": {
   "identifier": "effect99:luckyfountain2",
   "is_experimental": false
  },
  "components": {
      "minecraft:loot": "loot_tables/null.json",
      "minecraft:destroy_time": 0.1,
      "minecraft:geometry": "geometry.simple_block",
      "minecraft:material_instances": {
        "*": {
          "texture": "transparent2",
          "render_method": "blend"
        }
      },
      "minecraft:on_placed": {
        "event": "setdrop",
        "target": "self"
      }
    },
    "events": {
    "setdrop": {
      "sequence": [
        {
          "spawn_loot": {
              "table": "loot_tables/blocks/lucky_block/108.json"
            }
          },
          {
            "run_command": {
              "command": [
                "setblock ~ ~ ~ air"
              ]
            }
          }
        ]
      }
    }
  }
}