{
	"format_version": "1.10.0",
	"particle_effect": {
		"description": {
			"identifier": "blockcrack-emerald",
			"basic_render_parameters": {
				"material": "particles_alpha",
				"texture": "textures/blocks/emerald_block"
			}
		},
		"components": {
			"minecraft:emitter_initialization": {
				"creation_expression": "variable.size = 0.05;"
			},
			"minecraft:emitter_rate_steady": {
				"spawn_rate": 7000,
				"max_particles": 75
			},
			"minecraft:emitter_lifetime_once": {
				"active_time": 0.10
			},
			"minecraft:emitter_shape_box": {
				"offset": [0, 0.9, 0],
				"half_dimensions": [0.5, 0.25, 0.5],
				"direction": "outwards"
			},
			"minecraft:particle_lifetime_expression": {
				"max_lifetime": "math.random(0.7, 1.5)"
			},
			"minecraft:particle_initial_speed": "math.random(1.2, 6)",
			"minecraft:particle_motion_dynamic": {
				"linear_acceleration": ["(variable.particle_random_4-0.5)*5", "2*((variable.particle_lifetime)*-(math.random(25,27))+(math.random(13,19)))", "(variable.particle_random_4-0.5)*5"],
				"linear_drag_coefficient": "6"
			},
			"minecraft:particle_appearance_billboard": {
				"size": [ "variable.size" , "variable.size" ],
				"facing_camera_mode": "rotate_xyz",
				"uv": {
					"texture_width": 16,
					"texture_height": 16,
					"uv": ["variable.particle_random_4", "variable.particle_random_4"],
					"uv_size": [3, 3]
				}
			},
			"minecraft:particle_motion_collision": {
				"collision_drag": 7,
				"collision_radius": 0.1
			},
			"minecraft:particle_appearance_lighting": {}
		}
	}
}