{
 "pools": [
  {
   "rolls": 1,
   "entries": [
    {
     "type": "item",
     "name": "lucky:astral_sword",
     "weight": 1,
     "functions": [
      {
       "function": "set_count",
       "count": {
        "min": 0,
        "max": 1
       }
      },
      {
       "function": "enchant_with_levels",
       "treasure": true,
       "levels": {
        "min": 60,
        "max": 99
       }
      }
     ]
    }
   ]
  },
  {
   "rolls": 1,
   "entries": [
    {
     "type": "item",
     "name": "lucky:astral_helmet",
     "weight": 1,
     "functions": [
      {
       "function": "set_count",
       "count": {
        "min": 0,
        "max": 1
       }
      },
      {
       "function": "enchant_with_levels",
       "treasure": true,
       "levels": {
        "min": 60,
        "max": 200
       }
      }
     ]
    }
   ]
  },
  {
   "rolls": 1,
   "entries": [
    {
     "type": "item",
     "name": "lucky:astral_chestplate",
     "weight": 1,
     "functions": [
      {
       "function": "set_count",
       "count": {
        "min": 1,
        "max": 1
       }
      },
      {
       "function": "enchant_with_levels",
       "treasure": true,
       "levels": {
        "min": 60,
        "max": 200
       }
      }
     ]
    }
   ]
  },
  {
   "rolls": 1,
   "entries": [
    {
     "type": "item",
     "name": "lucky:astral_leggings",
     "weight": 1,
     "functions": [
      {
       "function": "set_count",
       "count": {
        "min": 0,
        "max": 1
       }
      },
      {
       "function": "enchant_with_levels",
       "treasure": true,
       "levels": {
        "min": 60,
        "max": 200
       }
      }
     ]
    }
   ]
  },
  {
   "rolls": 1,
   "entries": [
    {
     "type": "item",
     "name": "lucky:astral_boots",
     "weight": 1,
     "functions": [
      {
       "function": "set_count",
       "count": {
        "min": 1,
        "max": 1
       }
      },
      {
       "function": "enchant_with_levels",
       "treasure": true,
       "levels": {
        "min": 60,
        "max": 200
       }
      }
     ]
    }
   ]
  }
 ]
}