{
 "format_version": "1.16.100",
 "minecraft:block": {
  "description": {
   "identifier": "effect99:red_dragon_dungeon",
   "register_to_creative_menu": true,
   "is_experimental": false
  },
  "components": {
      "minecraft:loot": "loot_tables/empy.json",
      "minecraft:destroy_time": 0.5,
      "minecraft:geometry": "geometry.lucky_block_spiral",
      "minecraft:block_light_emission": 0,
      "minecraft:flammable": {
        "flame_odds": 0,
        "burn_odds": 0
      },
      "minecraft:friction": 0.1,
      "minecraft:on_player_destroyed": {
        "event": "spiral",
        "target": "self"
      },
      "minecraft:explosion_resistance": 999,
      "minecraft:block_light_absorption": 0,
      "minecraft:map_color": "#000000"
    },
    "events": {
    "spiral": {
      "sequence": [
        {
          "weight": 1,
          "run_command": {
            "command": [
              "structure load red_dragon_dungeon ~-13 ~-10 ~-4",
              "title @p title §cRed Dragon Dungeon"
              ]
            }
          }
        ]
      }
    }
  }
}