{
 "format_version": "1.16.100",
 "minecraft:block": {
  "description": {
   "identifier": "effect99:red_dragon_dungeon_end_room",
   "register_to_creative_menu": true,
   "is_experimental": false
  },
  "components": {
      "minecraft:loot": "loot_tables/empy.json",
      "minecraft:destroy_time": 0.5,
      "minecraft:geometry": "geometry.simple_lucky_spiral",
      "minecraft:on_placed": {
        "event": "effect99:event_place",
        "target": "self"
      },
      "minecraft:block_light_emission": 0,
      "minecraft:flammable": {
        "flame_odds": 0,
        "burn_odds": 0
      },
      "minecraft:friction": 0.1,
        "minecraft:on_step_off": {
          "event": "step:event_step"
      },
      "minecraft:on_player_destroyed": {
        "event": "spiral",
        "target": "self"
      },
      "minecraft:explosion_resistance": 999,
      "minecraft:block_light_absorption": 0,
      "minecraft:map_color": "#000000"
    },
    "events": {
      "effect99:event_place": {
        "sequence": [
          {
          "run_command": {
            "command": "summon entity:rooms ~ ~0.5 ~"
          }
        }
      ]
    },
    "step:event_step": {
      "randomize": [
        {
          "run_command": {
            "command": [
              "structure load dragon_end_room ~ ~-2 ~-2",
              "fill ~-1 ~-4 ~-1 ~-1 ~-4 ~1 cobblestone",
              "fill ~-1 ~-1 ~-1 ~-1 ~-3 ~1 air",
              "setblock ~ ~ ~ air"
              ]
            }
          }
        ]
      },
    "spiral": {
      "randomize": [
        {
          "weight": 1,
          "run_command": {
            "command": [
              "structure load dragon_end_room ~ ~-2 ~-2",
              "fill ~-1 ~-4 ~-1 ~-1 ~-4 ~1 cobblestone",
              "fill ~-1 ~-1 ~-1 ~-1 ~-3 ~1 air",
              "setblock ~ ~ ~ air"
              ]
            }
          }
        ]
      }
    }
  }
}