{
    "pools": [
        {
            "rolls": 1,
            "entries": [
                {
                    "type": "item",
                    "name": "minecraft:golden_sword",
                    "weight": 1,
                    "functions": [
                        {
                            "function": "set_count",
                            "count": {
                                "min": 0,
                                "max": 1
                            }
                        },
						{
                          "function": "enchant_with_levels",
                          "treasure": true,
                          "levels": {
                              "min": -10,
                              "max": 30
                            }
                        }
                    ]
                }
            ]
        },
        {
            "rolls": 1,
            "entries": [
                {
                    "type": "item",
                    "name": "minecraft:golden_pickaxe",
                    "weight": 1,
                    "functions": [
                        {
                            "function": "set_count",
                            "count": {
                                "min": 0,
                                "max": 1
                            }
                        },
						{
                          "function": "enchant_with_levels",
                          "treasure": true,
                          "levels": {
                              "min": -10,
                              "max": 30
                            }
                        }
                    ]
                }
            ]
        },
		{
            "rolls": 1,
            "entries": [
                {
                    "type": "item",
                    "name": "minecraft:golden_axe",
                    "weight": 1,
                    "functions": [
                        {
                            "function": "set_count",
                            "count": {
                                "min": 0,
                                "max": 1
                            }
                        },
						{
                          "function": "enchant_with_levels",
                          "treasure": true,
                          "levels": {
                              "min": -10,
                              "max": 30
                            }
                        }
                    ]
                }
            ]
        },
		{
            "rolls": 1,
            "entries": [
                {
                    "type": "item",
                    "name": "minecraft:golden_hoe",
                    "weight": 1,
                    "functions": [
                        {
                            "function": "set_count",
                            "count": {
                                "min": 0,
                                "max": 1
                            }
                        },
						{
                          "function": "enchant_with_levels",
                          "treasure": true,
                          "levels": {
                              "min": -10,
                              "max": 30
                            }
                        }
                    ]
                }
            ]
        }
    ]
}