{
	"format_version": "1.12.0",
	"minecraft:geometry": [
		{
			"description": {
				"identifier": "geometry.sword",
				"texture_width": 16,
				"texture_height": 16,
				"visible_bounds_width": 3,
				"visible_bounds_height": 3,
				"visible_bounds_offset": [0, 0, 0]
			},
			"bones": [
				{
					"name": "bone",
					"pivot": [10, 0, 0]
				},
				{
					"name": "bone2",
					"parent": "bone",
					"pivot": [10, 0, 0],
					"cubes": [
						{
							"origin": [-8, 10, -11],
							"size": [16, 16, 1],
							"uv": {
								"north": {"uv": [0, 0], "uv_size": [4, 4]},
								"east": {"uv": [0, 0], "uv_size": [0, 0]},
								"south": {"uv": [0, 0.001], "uv_size": [0, -0.001]},
								"west": {"uv": [0, 0], "uv_size": [0, 0]},
								"up": {"uv": [0, 0], "uv_size": [0, 0]},
								"down": {"uv": [0, 0], "uv_size": [0, 0]}
							}
						},
						{
							"origin": [-17, 10, 2],
							"size": [16, 16, 1],
							"pivot": [-11, 0, 2],
							"rotation": [0, 90, 0],
							"uv": {
								"north": {"uv": [0, 0], "uv_size": [4, 4]},
								"east": {"uv": [0, 0], "uv_size": [0, 0]},
								"south": {"uv": [0, 0.001], "uv_size": [0, -0.001]},
								"west": {"uv": [0, 0], "uv_size": [0, 0]},
								"up": {"uv": [0, 0], "uv_size": [0, 0]},
								"down": {"uv": [0, 0], "uv_size": [0, 0]}
							}
						},
						{
							"origin": [5, 10, -2],
							"size": [16, 16, 1],
							"pivot": [11, 0, -2],
							"rotation": [0, -90, 0],
							"uv": {
								"north": {"uv": [0, 0], "uv_size": [4, 4]},
								"east": {"uv": [0, 0], "uv_size": [0, 0]},
								"south": {"uv": [0, 0.001], "uv_size": [0, -0.001]},
								"west": {"uv": [0, 0], "uv_size": [0, 0]},
								"up": {"uv": [0, 0], "uv_size": [0, 0]},
								"down": {"uv": [0, 0], "uv_size": [0, 0]}
							}
						},
						{
							"origin": [-4, 10, 11],
							"size": [16, 16, 1],
							"pivot": [2, 0, 11],
							"rotation": [0, 180, 0],
							"uv": {
								"north": {"uv": [0, 0], "uv_size": [4, 4]},
								"east": {"uv": [0, 0], "uv_size": [0, 0]},
								"south": {"uv": [0, 0.001], "uv_size": [0, -0.001]},
								"west": {"uv": [0, 0], "uv_size": [0, 0]},
								"up": {"uv": [0, 0], "uv_size": [0, 0]},
								"down": {"uv": [0, 0], "uv_size": [0, 0]}
							}
						},
						{
							"origin": [-10, 0, -10],
							"size": [20, 32, 20],
							"uv": {
								"north": {"uv": [0, 0], "uv_size": [0, 0]},
								"east": {"uv": [0, 0], "uv_size": [0, 0]},
								"south": {"uv": [0, 0.001], "uv_size": [0, -0.001]},
								"west": {"uv": [0, 0], "uv_size": [0, 0]},
								"up": {"uv": [0, 0], "uv_size": [0, 0]},
								"down": {"uv": [0, 0], "uv_size": [0, 0]}
							}
						}
					]
				}
			]
		},
		{
			"description": {
				"identifier": "geometry.clear",
				"texture_width": 16,
				"texture_height": 16,
				"visible_bounds_width": 3,
				"visible_bounds_height": 3,
				"visible_bounds_offset": [0, 0, 0]
			},
			"bones": [
				{
					"name": "bone",
					"pivot": [10, 0, 0]
				},
				{
					"name": "bone2",
					"parent": "bone",
					"pivot": [10, 0, 0],
					"cubes": [
						{
							"origin": [-10, 0, 0],
							"size": [20, 32, 1],
							"uv": {
								"north": {"uv": [0, 11], "uv_size": [10.999, 5]},
								"east": {"uv": [0, 11], "uv_size": [11, 5]},
								"south": {"uv": [0, 11.001], "uv_size": [11, 4.999]},
								"west": {"uv": [0, 11], "uv_size": [11, 5]},
								"up": {"uv": [11, 16], "uv_size": [-11, -5]},
								"down": {"uv": [0, 16], "uv_size": [11, -5]}
							}
						}
					]
				},
				{
					"name": "bone4",
					"parent": "bone",
					"pivot": [11, 1, 0],
					"cubes": [
						{
							"origin": [-3, 16, -1],
							"size": [1, 1, 1],
							"uv": {
								"north": {"uv": [15, 14], "uv_size": [1, 0.998]},
								"east": {"uv": [15, 14], "uv_size": [1, 1]},
								"south": {"uv": [15, 14], "uv_size": [1, 1]},
								"west": {"uv": [15, 14], "uv_size": [1, 1]},
								"up": {"uv": [16, 15], "uv_size": [-1, -1]},
								"down": {"uv": [15, 15], "uv_size": [1, -1]}
							}
						},
						{
							"origin": [-3, 15, -1],
							"size": [1, 1, 1],
							"uv": {
								"north": {"uv": [15, 14], "uv_size": [1, 0.998]},
								"east": {"uv": [15, 14], "uv_size": [1, 1]},
								"south": {"uv": [15, 14], "uv_size": [1, 1]},
								"west": {"uv": [15, 14], "uv_size": [1, 1]},
								"up": {"uv": [16, 15], "uv_size": [-1, -1]},
								"down": {"uv": [15, 15], "uv_size": [1, -1]}
							}
						},
						{
							"origin": [-3, 17, -1],
							"size": [1, 1, 1],
							"uv": {
								"north": {"uv": [15, 14], "uv_size": [1, 0.998]},
								"east": {"uv": [15, 14], "uv_size": [1, 1]},
								"south": {"uv": [15, 14], "uv_size": [1, 1]},
								"west": {"uv": [15, 14], "uv_size": [1, 1]},
								"up": {"uv": [16, 15], "uv_size": [-1, -1]},
								"down": {"uv": [15, 15], "uv_size": [1, -1]}
							}
						},
						{
							"origin": [-3, 18, -1],
							"size": [1, 1, 1],
							"uv": {
								"north": {"uv": [15, 14], "uv_size": [1, 0.998]},
								"east": {"uv": [15, 14], "uv_size": [1, 1]},
								"south": {"uv": [15, 14], "uv_size": [1, 1]},
								"west": {"uv": [15, 14], "uv_size": [1, 1]},
								"up": {"uv": [16, 15], "uv_size": [-1, -1]},
								"down": {"uv": [15, 15], "uv_size": [1, -1]}
							}
						},
						{
							"origin": [-2, 19, -1],
							"size": [1, 1, 1],
							"uv": {
								"north": {"uv": [15, 14], "uv_size": [1, 0.998]},
								"east": {"uv": [15, 14], "uv_size": [1, 1]},
								"south": {"uv": [15, 14], "uv_size": [1, 1]},
								"west": {"uv": [15, 14], "uv_size": [1, 1]},
								"up": {"uv": [16, 15], "uv_size": [-1, -1]},
								"down": {"uv": [15, 15], "uv_size": [1, -1]}
							}
						},
						{
							"origin": [-1, 19, -1],
							"size": [1, 1, 1],
							"uv": {
								"north": {"uv": [15, 14], "uv_size": [1, 0.998]},
								"east": {"uv": [15, 14], "uv_size": [1, 1]},
								"south": {"uv": [15, 14], "uv_size": [1, 1]},
								"west": {"uv": [15, 14], "uv_size": [1, 1]},
								"up": {"uv": [16, 15], "uv_size": [-1, -1]},
								"down": {"uv": [15, 15], "uv_size": [1, -1]}
							}
						},
						{
							"origin": [0, 19, -1],
							"size": [1, 1, 1],
							"uv": {
								"north": {"uv": [15, 14], "uv_size": [1, 0.998]},
								"east": {"uv": [15, 14], "uv_size": [1, 1]},
								"south": {"uv": [15, 14], "uv_size": [1, 1]},
								"west": {"uv": [15, 14], "uv_size": [1, 1]},
								"up": {"uv": [16, 15], "uv_size": [-1, -1]},
								"down": {"uv": [15, 15], "uv_size": [1, -1]}
							}
						},
						{
							"origin": [1, 18, -1],
							"size": [1, 1, 1],
							"uv": {
								"north": {"uv": [15, 14], "uv_size": [1, 0.998]},
								"east": {"uv": [15, 14], "uv_size": [1, 1]},
								"south": {"uv": [15, 14], "uv_size": [1, 1]},
								"west": {"uv": [15, 14], "uv_size": [1, 1]},
								"up": {"uv": [16, 15], "uv_size": [-1, -1]},
								"down": {"uv": [15, 15], "uv_size": [1, -1]}
							}
						},
						{
							"origin": [-3, 14, -1],
							"size": [1, 1, 1],
							"uv": {
								"north": {"uv": [15, 14], "uv_size": [1, 0.998]},
								"east": {"uv": [15, 14], "uv_size": [1, 1]},
								"south": {"uv": [15, 14], "uv_size": [1, 1]},
								"west": {"uv": [15, 14], "uv_size": [1, 1]},
								"up": {"uv": [16, 15], "uv_size": [-1, -1]},
								"down": {"uv": [15, 15], "uv_size": [1, -1]}
							}
						},
						{
							"origin": [-2, 13, -1],
							"size": [1, 1, 1],
							"uv": {
								"north": {"uv": [15, 14], "uv_size": [1, 0.998]},
								"east": {"uv": [15, 14], "uv_size": [1, 1]},
								"south": {"uv": [15, 14], "uv_size": [1, 1]},
								"west": {"uv": [15, 14], "uv_size": [1, 1]},
								"up": {"uv": [16, 15], "uv_size": [-1, -1]},
								"down": {"uv": [15, 15], "uv_size": [1, -1]}
							}
						},
						{
							"origin": [-1, 13, -1],
							"size": [1, 1, 1],
							"uv": {
								"north": {"uv": [15, 14], "uv_size": [1, 0.998]},
								"east": {"uv": [15, 14], "uv_size": [1, 1]},
								"south": {"uv": [15, 14], "uv_size": [1, 1]},
								"west": {"uv": [15, 14], "uv_size": [1, 1]},
								"up": {"uv": [16, 15], "uv_size": [-1, -1]},
								"down": {"uv": [15, 15], "uv_size": [1, -1]}
							}
						},
						{
							"origin": [0, 13, -1],
							"size": [1, 1, 1],
							"uv": {
								"north": {"uv": [15, 14], "uv_size": [1, 0.998]},
								"east": {"uv": [15, 14], "uv_size": [1, 1]},
								"south": {"uv": [15, 14], "uv_size": [1, 1]},
								"west": {"uv": [15, 14], "uv_size": [1, 1]},
								"up": {"uv": [16, 15], "uv_size": [-1, -1]},
								"down": {"uv": [15, 15], "uv_size": [1, -1]}
							}
						},
						{
							"origin": [1, 14, -1],
							"size": [1, 1, 1],
							"uv": {
								"north": {"uv": [15, 14], "uv_size": [1, 0.998]},
								"east": {"uv": [15, 14], "uv_size": [1, 1]},
								"south": {"uv": [15, 14], "uv_size": [1, 1]},
								"west": {"uv": [15, 14], "uv_size": [1, 1]},
								"up": {"uv": [16, 15], "uv_size": [-1, -1]},
								"down": {"uv": [15, 15], "uv_size": [1, -1]}
							}
						}
					]
				}
			]
		}
	]
}