{
 "format_version":
  [ 1,  1, 0 ],
 "effect99:lucky_block": {
  "textures": "lucky_block",
  "sound": "stone"
 },
 "effect99:unlucky_block": {
  "textures": "unlucky_block",
  "sound": "metal"
 },
 "effect99:good_luck_block": {
  "textures": "good_luck_block",
  "sound": "glass"
 },
 "effect99:lucky_drops": {
  "textures": "lucky_drops",
  "sound": "wood"
 },
 "effect99:lucky_mobs": {
  "textures": "lucky_mobs",
  "sound": "stone"
 },
 "effect99:lucky_pvp": {
  "textures": "lucky_pvp",
  "sound": "metal"
 },
 "effect99:lucky_structures": {
  "textures": "lucky_structures",
  "sound": "stone"
 },
 "effect99:withered_lucky_block": {
  "textures": "withered_lucky_block",
  "sound": "stone"
  },
  "effect99:lucky_fountain": {
  "textures": "lucky_fountain",
  "sound": "stone"
  },
  "effect99:luckyfountain1": {
  "textures": "transparent1",
  "sound": "stone"
  },
  "effect99:luckyfountain2": {
  "textures": "transparent2",
  "sound": "stone"
  },
  "effect99:lightblock": { 
  "textures": "lightblock", "sound": "stone" 
  },
  "effect99:lightblock2": { 
  "textures": "lightblock2", "sound": "stone" 
  },
  "effect99:spectral_block": {
   "textures": "spectral_block", "sound": "stone" 
  }
}