{
  "format_version": "1.16.100",
  "minecraft:item": {
    "description": {
      "identifier": "lucky:lucky_sword",
      "category": "equipment"
    },
    "components": {
      "minecraft:foil": true,
      "minecraft:max_stack_size": 1,
      "minecraft:enchantable": {
        "value": 9,
        "slot": "sword"
      },
      "minecraft:durability": {
        "max_durability": 1570
      },
      "minecraft:allow_off_hand": true,
      "minecraft:hand_equipped": true,
      "minecraft:creative_category": {
        "parent": "itemGroup.name.sword"
      },
      "minecraft:can_destroy_in_creative": false,
      "minecraft:icon": {
        "texture": "lucky_sword"
      },
      "minecraft:repairable": {
        "repair_items": [
          {
            "items": [
              "lucky:lucky_sword"
            ],
            "repair_amount": 1570
          }
        ]
      },
      "minecraft:digger": {
        "use_efficiency": true,
        "destroy_speeds": [
          {
            "block": "minecraft:web",
            "speed": 25
          },
          {
            "block": "minecraft:bamboo",
            "speed": 15
          }
        ]
      },
      "minecraft:display_name": {},
      "minecraft:damage": 6,
      "minecraft:weapon": {
        "on_hurt_entity": {
          "event": "weapon"
        }
      }
    },
    "events": {
      "weapon": {
        "sequence": [
          {
            "damage": {
              "type": "durability",
              "amount": 1,
              "target": "self"
            }
          },
          {
            "randomize": [
              {
                "weight": 75,
                "run_command": {
                  "command": [
                    "effect @e[type=!xp_orb,type=!entity:spiral_arrow,type=!player,type=!item,family=!inanimate,type=!arrow,type=!snowball,type=!entity:fire_particle,c=1,r=6] levitation 1 8 true",
                    "execute @e[type=!xp_orb,type=!entity:spiral_arrow,type=!player,type=!item,family=!inanimate,type=!arrow,type=!snowball,type=!entity:fire_particle,c=1,r=6] ~ ~ ~ function smoke_particles"
                  ]
                }
              },
              {
                "weight": 68,
                "run_command": {
                  "command": [
                    "tag @p add shoot_snowball"
                  ]
                }
              },
              {
                "weight": 68,
                "run_command": {
                  "command": [
                    "tag @p add shoot_arrow"
                  ]
                }
              },
              {
                "weight": 30,
                "run_command": {
                  "command": [
                    "execute @e[type=!xp_orb,type=!entity:spiral_arrow,type=!player,type=!item,family=!inanimate,type=!arrow,type=!snowball,type=!entity:fire_particle,c=1,r=6] ~ ~ ~ summon lightning_bolt ~ ~ ~"
                  ]
                }
              },
              {
                "weight": 45,
                "run_command": {
                  "command": [
                    "execute @e[type=!xp_orb,type=!entity:spiral_arrow,type=!player,type=!item,family=!inanimate,type=!arrow,type=!snowball,type=!entity:fire_particle,c=1,r=6] ~ ~ ~ fill ~ ~ ~ ~ ~1 ~ web 0"
                  ]
                }
              },
              {
                "weight": 65,
                "run_command": {
                  "command": [
                    "structure load fire_particle ~-3 ~ ~-3",
                    "execute @e[type=!xp_orb,type=!entity:spiral_arrow,type=!player,type=!item,family=!inanimate,type=!arrow,type=!snowball,type=!entity:fire_particle,r=6] ~ ~ ~ summon minecraft:small_fireball ~ ~0.5 ~"
                  ]
                }
              },
              {
                "weight": 450,
                "damage": {
                  "type": "none",
                  "amount": 1,
                  "target": "self"
                }
              }
            ]
          }
        ]
      }
    }
  }
}