{
  "format_version": "1.16.100",
  "minecraft:item": {
    "description": {
      "identifier": "lucky:rainbow_pickaxe",
      "category": "equipment"
    },
    "components": {
      "minecraft:max_stack_size": 1,
      "minecraft:foil": true,
      "minecraft:enchantable": {
        "value": 9,
        "slot": "pickaxe"
      },
      "minecraft:durability": {
        "max_durability": 3900
      },
      "minecraft:mining_speed": 20,
      "minecraft:hand_equipped": true,
      "minecraft:creative_category": {
        "parent": "itemGroup.name.pickaxe"
      },
      "minecraft:icon": {
        "texture": "rainbow_pickaxe"
      },
      "minecraft:repairable": {
        "repair_items": [
          {
            "items": [
              "lucky:rainbow_pickaxe",
              "lucky:rainbow_gem"
            ],
            "repair_amount": 3900
          }
        ]
      },
      "minecraft:display_name": {},
      "minecraft:damage": 4,
      "minecraft:digger": {
        "speed": 130,
        "use_efficiency": true,
        "destroy_speeds": [
          {
            "block": {
              "tags": "q.any_tag('stone',  'metal', 'diamond_pick_diggable', 'nether', 'quartz', 'iron_pick_diggable')"
            },
            "speed": 13,
            "on_dig": {
              "event": "weapon"
            }
          },
          {
            "block": "effect99:rainbow_ore",
            "speed": 13,
            "on_dig": {
              "event": "weapon"
            }
          },
          {
            "block": "minecraft:sandstone",
            "speed": 13,
            "on_dig": {
              "event": "weapon"
            }
          },
          {
            "block": "minecraft:sandstone_stairs",
            "speed": 13,
            "on_dig": {
              "event": "weapon"
            }
          },
          {
            "block": "minecraft:red_sandstone",
            "speed": 13,
            "on_dig": {
              "event": "weapon"
            }
          },
          {
            "block": "minecraft:smooth_sandstone_stairs",
            "speed": 13,
            "on_dig": {
              "event": "weapon"
            }
          },
          {
            "block": "minecraft:smooth_red_sandstone_stairs",
            "speed": 13,
            "on_dig": {
              "event": "weapon"
            }
          },
          {
            "block": "minecraft:bell",
            "speed": 13,
            "on_dig": {
              "event": "weapon"
            }
          },
          {
            "block": "minecraft:nether_brick",
            "speed": 13,
            "on_dig": {
              "event": "weapon"
            }
          },
          {
            "block": "minecraft:nether_brick_fence",
            "speed": 13,
            "on_dig": {
              "event": "weapon"
            }
          },
          {
            "block": "minecraft:nether_brick_stairs",
            "speed": 13,
            "on_dig": {
              "event": "weapon"
            }
          },
          {
            "block": "minecraft:chiseled_nether_brick",
            "speed": 13,
            "on_dig": {
              "event": "weapon"
            }
          },
          {
            "block": "minecraft:quartz_block",
            "speed": 13,
            "on_dig": {
              "event": "weapon"
            }
          },
          {
            "block": "minecraft:quartz_stairs",
            "speed": 13,
            "on_dig": {
              "event": "weapon"
            }
          }
        ],
        "on_dig": {
          "event": "weapon"
        }
      },
      "minecraft:weapon": {
        "on_hurt_entity": {
          "event": "weapon"
        }
      }
    },
    "events": {
      "weapon": {
        "sequence": [
          {
            "damage": {
              "type": "durability",
              "amount": 1,
              "target": "self"
            }
          }
        ]
      }
    }
  }
}