{
 "format_version": "1.10.0",
 "minecraft:block": {
  "description": {
   "identifier": "effect99:lucky_mobs",
   "register_to_creative_menu": true,
   "is_experimental": false
  },
  "components": {
      "minecraft:loot": "loot_tables/blocks/lucky_mobs.json",
      "minecraft:destroy_time": 0.6,
      "minecraft:explosion_resistance": 10000,
      "minecraft:block_light_emission": 0,
      "minecraft:block_light_absorption": 0,
      "minecraft:map_color": "#303184"
   }
  }
 }