{
  "format_version": "1.16.100",
  "minecraft:item": {
    "description": {
      "identifier": "lucky:crystal_sword",
      "category": "equipment"
    },
    "components": {
      "minecraft:max_stack_size": 1,
      "minecraft:foil": true,
      "minecraft:enchantable": {
        "value": 9,
        "slot": "sword"
      },
      "minecraft:durability": {
        "max_durability": 1
      },
      "minecraft:allow_off_hand": false,
      "minecraft:hand_equipped": true,
      "minecraft:creative_category": {
        "parent": "itemGroup.name.sword"
      },
      "minecraft:can_destroy_in_creative": false,
      "minecraft:icon": {
        "texture": "crystal_sword"
      },
      "minecraft:repairable": {
        "repair_items": [
          {
            "items": [
              "lucky:crystal_sword"
            ],
            "repair_amount": 2
          }
        ]
      },
      "minecraft:render_offsets": {
        "main_hand": {
          "first_person": {
            "rotation": [
              0.0,
              -20.0, //inclinacion hacia atras o adelante
              95     //dejalo asi joer
            ],
            "position": [ 
              1.5, //x
              -0.9, //y
              -4 //z
            ],
            "scale": [
              0.04,
              0.04,
              0.04
            ]
          },
          "third_person": {
            "position": [ 
              0.8, //x
              2.60, //z
              -1   //y
            ],
            "scale": [
              0.05,
              0.05,
              0.05
            ]
          }
        }
      },
      "minecraft:display_name": {},
      "minecraft:damage": 10000,
      "minecraft:weapon": {
        "on_hurt_entity": {
          "event": "weapon"
        }
      }
    },
    "events": {
      "weapon": {
        "sequence": [
          {
            "damage": {
              "type": "durability",
              "amount": 1,
              "target": "self"
            }
          }
        ]
      }
    }
  }
}