{
 "format_version": "1.8.0",
 "minecraft:entity": {
  "description": {
   "identifier": "lucky:minicham",
   "runtime_identifier": "minecraft:zombie",
   "is_spawnable": true,
   "is_summonable": true,
   "is_experimental": false
  },
  "components": {
     "minecraft:scale": {
     "value": 0.8
    },
    "minecraft:collision_box": {
     "width": 0.4,
     "height": 0.4
    },
    "minecraft:health": {
     "value": 1,
     "max": 1
    },
    "minecraft:movement": {
     "value": 0.3
    },
    "minecraft:attack": {
     "damage": 1
   },
    "minecraft:behavior.melee_attack": {
     "priority": 3
    },
   "minecraft:type_family": {
    "family": [
     "slime",
     "monster",
     "mob"
    ]
   },
   "minecraft:breathable": {
    "total_supply": 15,
    "suffocate_time": 0
   },
   "minecraft:navigation.walk": {
    "can_path_over_water": true,
    "avoid_water": true
   },
   "minecraft:jump.static": {},
   "minecraft:can_climb": {},
   "minecraft:hurt_on_condition": {
    "damage_conditions": [
     {
      "filters": {
       "test": "in_lava",
       "subject": "self",
       "operator": "==",
       "value": true
      },
      "cause": "lava",
      "damage_per_tick": 4
     }
    ]
   },
   "minecraft:movement.jump": {
    "jump_delay": [
     0.5,
     1.5
    ]
   },
   "minecraft:nameable": {},
   "minecraft:behavior.slime_float": {
    "priority": 1
   },
   "minecraft:behavior.slime_attack": {
    "priority": 3
   },
   "minecraft:behavior.slime_random_direction": {
    "priority": 4
   },
   "minecraft:behavior.slime_keep_on_jumping": {
    "priority": 5
   },
   "minecraft:behavior.nearest_attackable_target": {
    "priority": 2,
    "entity_types": [
     {
      "filters": {
       "any_of": [
        {
         "test": "is_family",
         "subject": "other",
         "value": "player"
        }
       ]
      },
      "max_dist": 16
     }
    ],
    "must_see": true
   },
   "minecraft:physics": {},
   "minecraft:pushable": {
    "is_pushable": true,
    "is_pushable_by_piston": true
   }
  },
  "events": {}
 }
}