{
  "format_version": "1.12",
  "minecraft:recipe_shaped": {
    "description": {
      "identifier": "effect99:meteorite_sword"
    },
    "tags": [
      "crafting_table"
    ],
    "pattern": [
      "m",
      "m",
      "1"
    ],
    "key": {
      "m": {
        "item": "effect99:meteorite_ingot"
      },
      "1": {
        "item": "minecraft:stick"
      }
    },
    "result": {
      "item": "effect99:meteorite_sword",
      "data": 0,
      "count": 1
    }
  }
}