{
  "format_version": "1.10.0",
  "animation_controllers": {
    "controller.animation.despawn_crystal": {
      "states": {
        "default": {
          "transitions": [
            {
              "despawn_crystal": "!query.is_riding"
            }
          ]
        },
        "despawn_crystal": {
          "on_entry": [
            "@s minecraft:despawn"
          ],
          "transitions": [
            {
              "default": "1.0"
            }
          ]
        }
      }
    },
    "controller.animation.mount_crystal": {
      "states": {
        "default": {
          "transitions": [
            {
              "mount_crystal": "query.is_riding"
            }
          ]
        },
        "mount_crystal": {
          "on_entry": [
            "@s minecraft:mount_crystal"
          ],
          "transitions": [
            {
              "default": "1.0"
            }
          ]
        }
      }
    }
  }
}