{
  "format_version": "1.10.0",
  "animation_controllers": {
    "controller.animation.item_events": {
      "states": {
        "default": {
          "transitions": [
            {
              "on_fire_swords": "query.is_on_fire"
            }
          ]
        },
        "on_fire_swords": {
          "on_entry": [
            "/event entity @s[tag=fire_sword] fire_sword_event_3",
            "/event entity @s[tag=tnt_sword] despawn_event_5",
            "/event entity @s[tag=ice_sword] despawn_event_4",
            "/event entity @s[tag=ender_sword] despawn_event_1",
            "/event entity @s[tag=wither_sword] despawn_event_2",
            "/event entity @s[tag=lightning_sword] despawn_event_3",
            "/event entity @s[tag=nether_star_sword] despawn_event_6",
            "/event entity @s[tag=bedrock_sword] respawn_event_1"
          ],
          "transitions": [
            {
              "default": "1.0"
            }
          ]
        }
      }
    }
  }
}