{
  "format_version": "1.10.0",
  "animation_controllers": {
    "controller.animation.meteorite": {
      "states": {
        "default": {
          "transitions": [ { "meteorite": "query.get_equipped_item_name == 'meteorite_sword' && query.is_using_item" } ],
          "on_entry": [ "/function minimeteor" ]
        },
        "click1": {
          "transitions": [ { "default": "query.get_equipped_item_name == 'meteorite_sword' && query.is_using_item" } ],
          "on_entry": [ "/function minimeteor" ]
        }
      }
    }
  }
}