{
  "format_version": "1.10.0",
  "animation_controllers": {
    "controller.animation.player": {
      "states": {
        "default": {
          "transitions": [
            {
              "player": "(1.0)"
            }
          ],
          "on_entry": [
          	"/function player",
          	"/function withered_lucky_universe"

          ]
        },
        "player": {
          "transitions": [
            {
              "default": "(1.0)"
            }
          ],
          "on_entry": [
            "/function player",
            "/function withered_lucky_universe"
          ]
        }
      }
    }
  }
}