{
  "format_version": "1.10.0",
  "particle_effect": {
    "description": {
      "identifier": "color-pink",
      "basic_render_parameters": {
        "material": "particles_alpha",
        "texture": "textures/addon/color"
      }
    },
    "components": {
      "minecraft:emitter_rate_instant": {
        "num_particles": 1
      },
      "minecraft:emitter_lifetime_once": {
      },
      "minecraft:emitter_shape_point": {
        "offset": [ 0.0, "Math.random(-0.9, -0.5)", 0.0 ],
        "direction": [ "Math.random(-1.0, 1.0)", "Math.random(-1.0, 1.0)", "Math.random(-1.0, 1.0)" ]
      },
      "minecraft:particle_initial_speed": 0.0,
      "minecraft:particle_lifetime_expression": {
        "max_lifetime": "Math.Random(0.5, 1.0)"
      },
      "minecraft:particle_motion_dynamic": {
        "linear_acceleration": [ 0.0, -0.025, 0.0 ],
        "linear_drag_coefficient": 0.49
      },
      "minecraft:particle_appearance_billboard": {
        "size": [ "(variable.particle_random_1 * 0.5f + 0.5f) * 0.2", "(variable.particle_random_1 * 0.5f + 0.5f) * 0.2" ],
        "facing_camera_mode": "lookat_xyz",
        "uv": {
          "texture_width": 32,
          "texture_height": 8,
          "flipbook": {
            "base_UV": [ 0, 0 ],
            "size_UV": [ 8, 8 ],
            "step_UV": [ 8, 0 ],
            "frames_per_second":4,
            "max_frame": 4,
            "stretch_to_lifetime": false,
            "loop": true
          }
        }
      },
      "minecraft:particle_appearance_tinting": {
        "color": [ "1", "0.512", "0.937", 1.0 ]
      }
    }
  }
}
