{
  "format_version": "1.10.0",
  "animation_controllers": {
    "controller.animation.lucky": {
      "states": {
        "default": {
          "transitions": [
            {
              "lucky": "(1.0)"
            }
          ],
          "on_entry": [
          	"/function LuckyUniverse"

          ]
        },
        "lucky": {
          "transitions": [
            {
              "default": "(1.0)"
            }
          ],
          "on_entry": [
            "/function LuckyUniverse"
          ]
        }
      }
    }
  }
}