{
  "format_version": "1.10.0",
  "particle_effect": {
    "description": {
      "identifier": "accept",
      "basic_render_parameters": {
        "material": "particles_alpha",
        "texture": "textures/addon/more"
      }
    },
    "components": {
      "minecraft:emitter_rate_instant": {
        "num_particles": 1
      },
      "minecraft:emitter_lifetime_once": {
      },
      "minecraft:emitter_shape_point": {
        "direction": [ "variable.direction.x", "variable.direction.y", "variable.direction.z" ]
      },
      "minecraft:particle_initial_speed": 0.0,
      "minecraft:particle_lifetime_expression": {
        "max_lifetime": "Math.Random(0.5, 0.5)"
      },
      "minecraft:particle_motion_dynamic": {
        "linear_acceleration": [ 0.0, 0.0, 0.0 ],
        "linear_drag_coefficient": 0.49
      },
      "minecraft:particle_appearance_billboard": {
        "size": [ "(variable.particle_random_0.5 * 0.5f + 0.5f) * 0.2" ],
        "facing_camera_mode": "lookat_xyz",
        "uv": {
          "texture_width": 32,
          "texture_height": 32,
          "flipbook": {
            "base_UV": [ 0, 16 ],
            "size_UV": [ 16, 16 ],
            "step_UV": [ 0, 0 ],
            "frames_per_second": 1,
            "max_frame": 1,
            "stretch_to_lifetime": false,
            "loop": false
          }
        }
      },
      "minecraft:particle_appearance_tinting": {
        "color": [  ]
      },
      "minecraft:particle_appearance_lighting": {}
    }
  }
}
