{
  "format_version": "1.10.0",
  "particle_effect": {
    "description": {
      "identifier": "totem-drip",
      "basic_render_parameters": {
        "material": "particles_blend",
        "texture": "textures/particle/particles"
      }
    },
    "components": {
      "minecraft:emitter_rate_instant": {
        "num_particles": 1
      },
      "minecraft:emitter_lifetime_once": {
      },
      "minecraft:emitter_shape_point": {
        "offset": [ 0.0, "Math.random(-0.9, -0.5)", 0.0 ],
        "direction": [ "Math.random(-1.0, 1.0)", "Math.random(-1.0, 1.0)", "Math.random(-1.0, 1.0)" ]
      },
      "minecraft:particle_initial_speed": 0.0,
      "minecraft:particle_lifetime_expression": {
        "max_lifetime": "Math.Random(4.0, 5.0)"
      },
      "minecraft:particle_motion_dynamic": {
        "linear_acceleration": [ 0.0, -0.7, 0.0 ],
        "linear_drag_coefficient": 0.49
      },
      "minecraft:particle_appearance_billboard": {
        "size": [ "(variable.particle_random_1 * 0.5f + 0.5f) * 0.2", "(variable.particle_random_1 * 0.5f + 0.5f) * 0.2" ],
        "facing_camera_mode": "lookat_xyz",
        "uv": {
          "texture_width": 128,
          "texture_height": 128,
          "flipbook": {
            "base_UV": [ 0, 88 ],
            "size_UV": [ 8, 8 ],
            "step_UV": [ 8, 0 ],
            "frames_per_second": 8,
            "max_frame": 8,
            "stretch_to_lifetime": true,
            "loop": false
          }
        }
      },
      "minecraft:particle_appearance_tinting": {
        "color": {
          "gradient": [
            [ 0.1, 0.4, 0, 1 ],
            [ 0.6, 0.6, 0, 1 ],
            [ 0.3, 0.6, 0.2, 1 ],
            [ 0.8, 0.8, 0.2, 1 ],
            [ 0, 0.8, 0, 1 ]
          ],
          "interpolant": "variable.particle_random_2"
        }
      },
      "minecraft:particle_appearance_lighting": {}
    }
  }
}
