{
	"format_version": "1.10.0",
	"particle_effect": {
		"description": {
			"identifier": "villager-happy",
			"basic_render_parameters": {
				"material": "particles_alpha",
				"texture": "textures/particle/particles"
			}
		},
		"components": {
			"minecraft:emitter_rate_instant": {
				"num_particles": 1
			},
			"minecraft:emitter_lifetime_once": {
				"active_time": 1
			},
			"minecraft:emitter_shape_point": {
				"offset": ["variable.aabb.x * Math.random(0, 2) - variable.emitter_random_1 * 0.1 - variable.aabb.x", "variable.aabb.y * Math.random(0, 1) - variable.emitter_random_2 * 0.1", "variable.aabb.z * Math.random(0, 2) - variable.emitter_random_3 * 0.1 - variable.aabb.z"],
				"direction": ["Math.random(-1, 1) + variable.emitter_random_1 * 0.4", "Math.random(-1, 1) + variable.emitter_random_2 * 0.4", "Math.random(-1, 1) + variable.emitter_random_3 * 0.4"]
			},
			"minecraft:particle_lifetime_expression": {
				"max_lifetime": "4 / Math.Random(1, 5) + 0.1"
			},
			"minecraft:particle_initial_speed": 1,
			"minecraft:particle_motion_dynamic": {
				"linear_acceleration": [0, 2, 0],
				"linear_drag_coefficient": 2.5
			},
			"minecraft:particle_appearance_billboard": {
				"size": ["variable.particle_random_1 * variable.particle_random_2 * 0.2 + 0.1", "variable.particle_random_1 * variable.particle_random_2 * 0.3 + 0.1"],
				"facing_camera_mode": "lookat_xyz",
				"uv": {
					"texture_width": 128,
					"texture_height": 128,
					"uv": [16, 40],
					"uv_size": [8, 8]
				}
			},
			"minecraft:particle_appearance_lighting": {},
			"minecraft:particle_appearance_tinting": {
				"color": ["Math.clamp(variable.particle_random_1 * 0.3 + 0.7, 0, 1)", "Math.clamp(variable.particle_random_1 * 0.3 + 0.7, 0, 1)", "Math.clamp(variable.particle_random_1 * 0.3 + 0.7, 0, 1)", 1]
			}
		}
	}
}