{
  "format_version": "1.12.0",
  "minecraft:entity": {
    "description": {
      "identifier": "npc:8_3d",
      "is_spawnable": true,
      "is_summonable": true,
      "is_experimental": false,
	  "scripts": {
	    "animate": [ 
             { "s1": "query.variant == 35" },
             { "s2": "query.variant == 36" },
             { "s3": "query.variant == 37" },
             { "s4": "query.variant == 38" },
             { "s5": "query.variant == 39" },

             { "ac1": "query.variant == 40" },
             { "ac2": "query.variant == 41" },
             { "ac3": "query.variant == 42" },
             { "ac4": "query.variant == 43" },
             { "ac": "query.variant == 44" }

	        ]
	  },
	  "animations": {
	    "s1": "controller.animation.s1",
	    "s2": "controller.animation.s2",
	    "s3": "controller.animation.s3",
	    "s4": "controller.animation.s4",
	    "s5": "controller.animation.s5",

	    "ac1": "controller.animation.ac1",
	    "ac2": "controller.animation.ac2",
	    "ac3": "controller.animation.ac3",
	    "ac4": "controller.animation.ac4",
	    "ac": "controller.animation.ac"

	  }
    },

    "component_groups": {
            "minecraft:kill": {
                "minecraft:health": {
                    "value": -1
                }
            },
            "minecraft:walk": {
              "minecraft:variant": {
                "value": 0
            },
              "minecraft:navigation.walk": {
        "can_path_over_water": true,
        "avoid_water": true,
        "avoid_damage_blocks": true
      },
              "minecraft:movement.basic": {
      },
              "minecraft:behavior.random_stroll": {
        "priority": 6,
        "speed_multiplier": 0.8
      },
              "minecraft:jump.static": {
      },
              "minecraft:can_climb": {
      },
              "minecraft:movement": {
        "value": 0.25
      }
        },
            "minecraft:run": {
              "minecraft:variant": {
                "value": 0
            },
              "minecraft:navigation.walk": {
        "can_path_over_water": true,
        "avoid_water": true,
        "avoid_damage_blocks": true
      },
              "minecraft:movement.basic": {
      },
        "minecraft:behavior.avoid_mob_type": {
          "priority": 3,
          "entity_types": [
            {
              "filters": {
                "any_of": [
                  { "test" :  "is_family", "subject" : "other", "value" :  "player"}
                ]
              },
              "max_dist": 6,
              "walk_speed_multiplier": 1,
              "sprint_speed_multiplier": 1
            }
          ]
        },
      "minecraft:behavior.panic": {
        "priority": 1,
        "speed_multiplier": 1
      },
              "minecraft:jump.static": {
      },
              "minecraft:can_climb": {
      },
              "minecraft:movement": {
        "value": 0.35
      }
        },
            "minecraft:atcp": {
              "minecraft:variant": {
                "value": 0
            },
              "minecraft:navigation.walk": {
        "can_path_over_water": true,
        "avoid_water": true,
        "avoid_damage_blocks": true
      },
              "minecraft:movement.basic": {
      },
              "minecraft:jump.static": {
      },
              "minecraft:can_climb": {
      },
              "minecraft:movement": {
        "value": 0.25
      },
         "minecraft:behavior.melee_attack": {
          "priority": 4,
          "target_dist": 1.2,
          "speed_multiplier": 1,
          "track_target": true
        },
      "minecraft:behavior.nearest_attackable_target": {
        "priority": 1,
        "reselect_targets": true,
        "entity_types": [
          {
            "filters": {
              "test": "is_family",
              "subject": "other",
              "value": "player"
            },
            "max_dist": 16
          }
        ],
        "must_see": true
      }
      },
            "minecraft:atce": {
              "minecraft:variant": {
                "value": 0
            },
              "minecraft:navigation.walk": {
        "can_path_over_water": true,
        "avoid_water": true,
        "avoid_damage_blocks": true
      },
              "minecraft:movement.basic": {
      },
              "minecraft:jump.static": {
      },
              "minecraft:can_climb": {
      },
              "minecraft:movement": {
        "value": 0.25
      },
         "minecraft:behavior.melee_attack": {
          "priority": 4,
          "target_dist": 1.2,
          "speed_multiplier": 1.1,
          "track_target": true
        },
      "minecraft:behavior.nearest_attackable_target": {
        "priority": 1,
        "reselect_targets": true,
        "entity_types": [
          {
            "filters": {
              "test": "is_family",
              "subject": "other",
              "operator": "!=",
              "value": "npc"
            },
            "max_dist": 16
          }
        ],
        "must_see": true
      }
      },
            "minecraft:atcmob": {
              "minecraft:variant": {
                "value": 0
            },
              "minecraft:navigation.walk": {
        "can_path_over_water": true,
        "avoid_water": true,
        "avoid_damage_blocks": true
      },
              "minecraft:movement.basic": {
      },
              "minecraft:jump.static": {
      },
              "minecraft:can_climb": {
      },
              "minecraft:movement": {
        "value": 0.25
      },
         "minecraft:behavior.melee_attack": {
          "priority": 4,
          "target_dist": 1.2,
          "speed_multiplier": 1.1,
          "track_target": true
        },
      "minecraft:behavior.nearest_attackable_target": {
        "priority": 1,
        "reselect_targets": true,
        "entity_types": [
          {
            "filters": {
              "test": "is_family",
              "subject": "other",
              "value": "monster"
            },
            "max_dist": 16
          }
        ],
        "must_see": true
      }
      },
            "minecraft:seg": {
              "minecraft:variant": {
                "value": 0
            },
              "minecraft:type_family": {
        "family": [ "npc", "nodamage" ]
      },
              "minecraft:navigation.walk": {
        "can_path_over_water": true,
        "avoid_water": true,
        "avoid_damage_blocks": true
      },
              "minecraft:movement.basic": {
      },
              "minecraft:jump.static": {
      },
              "minecraft:can_climb": {
      },
              "minecraft:movement": {
        "value": 0.25
      },
         "minecraft:behavior.melee_attack": {
          "priority": 5,
          "target_dist": 1,
          "speed_multiplier": 1.2,
          "track_target": true,
          "reach_multiplier":  0.0 
        },
      "minecraft:behavior.nearest_attackable_target": {
        "priority": 3,
        "reselect_targets": true,
        "entity_types": [
          {
            "filters": {
              "test": "is_family",
              "subject": "other",
              "value": "player"
            },
            "max_dist": 16
          }
        ],
        "must_see": true
      }
            },
            "minecraft:name": {
              "minecraft:nameable": {
        "always_show": true,
        "allow_name_tag_renaming": false
      },
              "minecraft:variant": {
                "value": 0
              }
            },
            "minecraft:stand": {
             "minecraft:pushable": {
                "is_pushable": false,
                "is_pushable_by_piston": true
                },
             "minecraft:variant": {
                "value": 0
            }
            },
            "minecraft:look_p": {
             "minecraft:behavior.look_at_player": {
        "priority": 0,
        "look_distance": 6.0,
        "probability": 0.02
      },
             "minecraft:variant": {
                "value": 0
            }
        },
            "minecraft:no_rit": {
      "minecraft:damage_sensor": {
        "triggers": {
          "cause": "all",
          "deals_damage": false
        }
      },
             "minecraft:variant": {
                "value": 0
            }
        },
            "minecraft:life1": {
             "minecraft:variant": {
                "value": 0
            },
             "minecraft:health": {
               "value": 2,
               "max": 2
             }
        },
            "minecraft:life2": {
             "minecraft:variant": {
                "value": 0
            },
             "minecraft:health": {
               "value": 4,
               "max": 4
             }
        },
            "minecraft:life3": {
             "minecraft:variant": {
                "value": 0
            },
             "minecraft:health": {
               "value": 6,
               "max": 6
             }
        },
            "minecraft:life4": {
             "minecraft:variant": {
                "value": 0
            },
             "minecraft:health": {
               "value": 8,
               "max": 8
             }
        },
            "minecraft:life5": {
             "minecraft:variant": {
                "value": 0
            },
             "minecraft:health": {
               "value": 10,
               "max": 10
             }
        },
            "minecraft:life6": {
             "minecraft:variant": {
                "value": 0
            },
             "minecraft:health": {
               "value": 12,
               "max": 12
             }
        },
            "minecraft:life7": {
             "minecraft:variant": {
                "value": 0
            },
             "minecraft:health": {
               "value": 14,
               "max": 14
             }
        },
            "minecraft:life8": {
             "minecraft:variant": {
                "value": 0
            },
             "minecraft:health": {
               "value": 16,
               "max": 16
             }
        },
            "minecraft:life9": {
             "minecraft:variant": {
                "value": 0
            },
             "minecraft:health": {
               "value": 18,
               "max": 18
             }
        },
            "minecraft:life10": {
             "minecraft:variant": {
                "value": 0
            },
             "minecraft:health": {
               "value": 20,
               "max": 20
             }
        },
            "minecraft:scale0.5": {
             "minecraft:variant": {
                "value": 0
            },
             "minecraft:scale": {
             "value":0.5
             }
        },
            "minecraft:scale0.7": {
             "minecraft:variant": {
                "value": 0
            },
             "minecraft:scale": {
             "value":0.75
             }
        },
            "minecraft:scale1.0": {
             "minecraft:variant": {
                "value": 0
            },
             "minecraft:scale": {
             "value":1.0
             }
        },
            "minecraft:scale1.5": {
             "minecraft:variant": {
                "value": 0
            },
             "minecraft:scale": {
             "value":1.5
             }
        },
            "minecraft:scale2.0": {
             "minecraft:variant": {
                "value": 0
            },
             "minecraft:scale": {
             "value":2.0
             }
        },
            "minecraft:reset": {
             "minecraft:variant": {
                "value": 0
            }
        }

    },
	
    "components": {
      "minecraft:type_family": {
        "family": [ "npc", "test" ]
      },
      "minecraft:collision_box": {
        "width": 0.5,
        "height": 1.6
      },
      "minecraft:attack": {
        "damage": 1
      },
      "minecraft:npc": {
        "npc_data": {
          "portrait_offsets": {
            "translate": [-7, 50, 0],
            "scale": [1.75, 1.75, 1.75]
          },
          "picker_offsets": {
            "translate": [0, 20, 0],
            "scale": [1.7, 1.7, 1.7]
          },
          "skin_list":[
            {
              "variant": 0
            },
            {
              "variant": 1
            },
            {
              "variant": 2
            },
            {
              "variant": 3
            },
            {
              "variant": 4
            },
            {
              "variant": 5
            },
            {
              "variant": 6
            },
            {
              "variant": 7
            },
            {
              "variant": 8
            },
            {
              "variant": 9
            },
            {
              "variant": 10
            },
            {
              "variant": 11
            },
            {
              "variant": 12
            },
            {
              "variant": 13
            },
            {
              "variant": 14
            },
            {
              "variant": 15
            },
            {
              "variant": 16
            },
            {
              "variant": 17
            },
            {
              "variant": 18
            },
            {
              "variant": 19
            },
            {
              "variant": 20
            },
            {
              "variant": 21
            },
            {
              "variant": 22
            },
            {
              "variant": 23
            },
            {
              "variant": 24
            },
            {
              "variant": 25
            },
            {
              "variant": 26
            },
            {
              "variant": 27
            },
            {
              "variant": 28
            },
            {
              "variant": 29
            },
            {
              "variant": 30
            },
            {
              "variant": 31
            },
            {
              "variant": 32
            },
            {
              "variant": 33
            },
            {
              "variant": 34
            },
            {
              "variant": 35
            },
            {
              "variant": 36
            },
            {
              "variant": 37
            },
            {
              "variant": 38
            },
            {
              "variant": 39
            },
            {
              "variant": 40
            },
            {
              "variant": 41
            },
            {
              "variant": 42
            },
            {
              "variant": 43
            },
            {
              "variant": 44
            }

          ]
        }
      },
      "minecraft:health": {
        "value": 1,
        "max": 1
      },
	    "minecraft:physics": {
      },
      "minecraft:pushable": {
        "is_pushable": true,
        "is_pushable_by_piston": true
      },
      "minecraft:environment_sensor": [
	    {
		  "on_environment": {
            "filters": {
              "all_of": [
                { "test": "is_variant", "subject": "self", "operator": "equals", "value": 9 }
              ]
            },
            "event": "minecraft:event_kill"
		  }
		},
	    {
		  "on_environment": {
            "filters": {
              "all_of": [
                { "test": "is_variant", "subject": "self", "operator": "equals", "value": 10 }
              ]
            },
            "event": "minecraft:event_walk"
		  }
		},
	    {
		  "on_environment": {
            "filters": {
              "all_of": [
                { "test": "is_variant", "subject": "self", "operator": "equals", "value": 11 }
              ]
            },
            "event": "minecraft:event_run"
		  }
		},
	    {
		  "on_environment": {
            "filters": {
              "all_of": [
                { "test": "is_variant", "subject": "self", "operator": "equals", "value": 12 }
              ]
            },
            "event": "minecraft:event_atcp"
		  }
		},
	    {
		  "on_environment": {
            "filters": {
              "all_of": [
                { "test": "is_variant", "subject": "self", "operator": "equals", "value": 13 }
              ]
            },
            "event": "minecraft:event_atce"
		  }
		},
	    {
		  "on_environment": {
            "filters": {
              "all_of": [
                { "test": "is_variant", "subject": "self", "operator": "equals", "value": 14 }
              ]
            },
            "event": "minecraft:event_atcmob"
		  }
		},
	    {
		  "on_environment": {
            "filters": {
              "all_of": [
                { "test": "is_variant", "subject": "self", "operator": "equals", "value": 15 }
              ]
            },
            "event": "minecraft:event_seg"
		  }
		},
	    {
		  "on_environment": {
            "filters": {
              "all_of": [
                { "test": "is_variant", "subject": "self", "operator": "equals", "value": 16 }
              ]
            },
            "event": "minecraft:event_name"
		  }
		},
	    {
		  "on_environment": {
            "filters": {
              "all_of": [
                { "test": "is_variant", "subject": "self", "operator": "equals", "value": 17 }
              ]
            },
            "event": "minecraft:event_stand"
		  }
		},
	    {
		  "on_environment": {
            "filters": {
              "all_of": [
                { "test": "is_variant", "subject": "self", "operator": "equals", "value": 18 }
              ]
            },
            "event": "minecraft:event_look_p"
		  }
		},
	    {
		  "on_environment": {
            "filters": {
              "all_of": [
                { "test": "is_variant", "subject": "self", "operator": "equals", "value": 19 }
              ]
            },
            "event": "minecraft:event_no_rit"
		  }
		},
	    {
		  "on_environment": {
            "filters": {
              "all_of": [
                { "test": "is_variant", "subject": "self", "operator": "equals", "value": 20 }
              ]
            },
            "event": "minecraft:event_life1"
		  }
		},
	    {
		  "on_environment": {
            "filters": {
              "all_of": [
                { "test": "is_variant", "subject": "self", "operator": "equals", "value": 21 }
              ]
            },
            "event": "minecraft:event_life2"
		  }
		},
	    {
		  "on_environment": {
            "filters": {
              "all_of": [
                { "test": "is_variant", "subject": "self", "operator": "equals", "value": 22 }
              ]
            },
            "event": "minecraft:event_life3"
		  }
		},
	    {
		  "on_environment": {
            "filters": {
              "all_of": [
                { "test": "is_variant", "subject": "self", "operator": "equals", "value": 23 }
              ]
            },
            "event": "minecraft:event_life4"
		  }
		},
	    {
		  "on_environment": {
            "filters": {
              "all_of": [
                { "test": "is_variant", "subject": "self", "operator": "equals", "value": 24 }
              ]
            },
            "event": "minecraft:event_life5"
		  }
		},
	    {
		  "on_environment": {
            "filters": {
              "all_of": [
                { "test": "is_variant", "subject": "self", "operator": "equals", "value": 25 }
              ]
            },
            "event": "minecraft:event_life6"
		  }
		},
	    {
		  "on_environment": {
            "filters": {
              "all_of": [
                { "test": "is_variant", "subject": "self", "operator": "equals", "value": 26 }
              ]
            },
            "event": "minecraft:event_life7"
		  }
		},
	    {
		  "on_environment": {
            "filters": {
              "all_of": [
                { "test": "is_variant", "subject": "self", "operator": "equals", "value": 27 }
              ]
            },
            "event": "minecraft:event_life8"
		  }
		},
	    {
		  "on_environment": {
            "filters": {
              "all_of": [
                { "test": "is_variant", "subject": "self", "operator": "equals", "value": 28 }
              ]
            },
            "event": "minecraft:event_life9"
		  }
		},
	    {
		  "on_environment": {
            "filters": {
              "all_of": [
                { "test": "is_variant", "subject": "self", "operator": "equals", "value": 29 }
              ]
            },
            "event": "minecraft:event_life10"
		  }
		},
	    {
		  "on_environment": {
            "filters": {
              "all_of": [
                { "test": "is_variant", "subject": "self", "operator": "equals", "value": 30 }
              ]
            },
            "event": "minecraft:event_scale0.5"
		  }
		},
	    {
		  "on_environment": {
            "filters": {
              "all_of": [
                { "test": "is_variant", "subject": "self", "operator": "equals", "value": 31 }
              ]
            },
            "event": "minecraft:event_scale0.7"
		  }
		},
	    {
		  "on_environment": {
            "filters": {
              "all_of": [
                { "test": "is_variant", "subject": "self", "operator": "equals", "value": 32 }
              ]
            },
            "event": "minecraft:event_scale1.0"
		  }
		},
	    {
		  "on_environment": {
            "filters": {
              "all_of": [
                { "test": "is_variant", "subject": "self", "operator": "equals", "value": 33 }
              ]
            },
            "event": "minecraft:event_scale1.5"
		  }
		},
	    {
		  "on_environment": {
            "filters": {
              "all_of": [
                { "test": "is_variant", "subject": "self", "operator": "equals", "value": 34 }
              ]
            },
            "event": "minecraft:event_scale2.0"
		  }
		},
	    {
		  "on_environment": {
            "filters": {
              "all_of": [
                { "test": "is_variant", "subject": "self", "operator": "equals", "value": 35 }
              ]
            },
            "event": "minecraft:event_reset"
		  }
		},
	    {
		  "on_environment": {
            "filters": {
              "all_of": [
                { "test": "is_variant", "subject": "self", "operator": "equals", "value": 36 }
              ]
            },
            "event": "minecraft:event_reset"
		  }
		},
	    {
		  "on_environment": {
            "filters": {
              "all_of": [
                { "test": "is_variant", "subject": "self", "operator": "equals", "value": 37 }
              ]
            },
            "event": "minecraft:event_reset"
		  }
		},
	    {
		  "on_environment": {
            "filters": {
              "all_of": [
                { "test": "is_variant", "subject": "self", "operator": "equals", "value": 38 }
              ]
            },
            "event": "minecraft:event_reset"
		  }
		},
	    {
		  "on_environment": {
            "filters": {
              "all_of": [
                { "test": "is_variant", "subject": "self", "operator": "equals", "value": 39 }
              ]
            },
            "event": "minecraft:event_reset"
		  }
		},
	    {
		  "on_environment": {
            "filters": {
              "all_of": [
                { "test": "is_variant", "subject": "self", "operator": "equals", "value": 40 }
              ]
            },
            "event": "minecraft:event_reset"
		  }
		},
	    {
		  "on_environment": {
            "filters": {
              "all_of": [
                { "test": "is_variant", "subject": "self", "operator": "equals", "value": 41 }
              ]
            },
            "event": "minecraft:event_reset"
		  }
		},
	    {
		  "on_environment": {
            "filters": {
              "all_of": [
                { "test": "is_variant", "subject": "self", "operator": "equals", "value": 42 }
              ]
            },
            "event": "minecraft:event_reset"
		  }
		},
	    {
		  "on_environment": {
            "filters": {
              "all_of": [
                { "test": "is_variant", "subject": "self", "operator": "equals", "value": 43 }
              ]
            },
            "event": "minecraft:event_reset"
		  }
		},
	    {
		  "on_environment": {
            "filters": {
              "all_of": [
                { "test": "is_variant", "subject": "self", "operator": "equals", "value": 44 }
              ]
            },
            "event": "minecraft:event_reset"
		  }
		}

	  ]
    },
    
    "events": {
      "minecraft:event_kill": {
        "add": {
          "component_groups": [
            "minecraft:kill"
          ]
        }
      },
      "minecraft:event_walk": {
        "add": {
          "component_groups": [
            "minecraft:walk"
          ]
        }
      },
      "minecraft:event_run": {
        "add": {
          "component_groups": [
            "minecraft:run"
          ]
        }
      },
      "minecraft:event_atcp": {
        "add": {
          "component_groups": [
            "minecraft:atcp"
          ]
        }
      },
      "minecraft:event_atce": {
        "add": {
          "component_groups": [
            "minecraft:atce"
          ]
        }
      },
      "minecraft:event_atcmob": {
        "add": {
          "component_groups": [
            "minecraft:atcmob"
          ]
        }
      },
      "minecraft:event_seg": {
        "add": {
          "component_groups": [
            "minecraft:seg"
          ]
        }
      },
      "minecraft:event_name": {
        "add": {
          "component_groups": [
            "minecraft:name"
          ]
        }
      },
      "minecraft:event_stand": {
        "add": {
          "component_groups": [
            "minecraft:stand"
          ]
        }
      },
      "minecraft:event_look_p": {
        "add": {
          "component_groups": [
            "minecraft:look_p"
          ]
        }
      },
      "minecraft:event_no_rit": {
        "add": {
          "component_groups": [
            "minecraft:no_rit"
          ]
        }
      },
      "minecraft:event_life1": {
        "add": {
          "component_groups": [
            "minecraft:life1"
          ]
        }
      },
      "minecraft:event_life2": {
        "add": {
          "component_groups": [
            "minecraft:life2"
          ]
        }
      },
      "minecraft:event_life3": {
        "add": {
          "component_groups": [
            "minecraft:life3"
          ]
        }
      },
      "minecraft:event_life4": {
        "add": {
          "component_groups": [
            "minecraft:life4"
          ]
        }
      },
      "minecraft:event_life5": {
        "add": {
          "component_groups": [
            "minecraft:life5"
          ]
        }
      },
      "minecraft:event_life6": {
        "add": {
          "component_groups": [
            "minecraft:life6"
          ]
        }
      },
      "minecraft:event_life7": {
        "add": {
          "component_groups": [
            "minecraft:life7"
          ]
        }
      },
      "minecraft:event_life8": {
        "add": {
          "component_groups": [
            "minecraft:life8"
          ]
        }
      },
      "minecraft:event_life9": {
        "add": {
          "component_groups": [
            "minecraft:life9"
          ]
        }
      },
      "minecraft:event_life10": {
        "add": {
          "component_groups": [
            "minecraft:life10"
          ]
        }
      },
      "minecraft:event_scale0.5": {
        "add": {
          "component_groups": [
            "minecraft:scale0.5"
          ]
        }
      },
      "minecraft:event_scale0.7": {
        "add": {
          "component_groups": [
            "minecraft:scale0.7"
          ]
        }
      },
      "minecraft:event_scale1.0": {
        "add": {
          "component_groups": [
            "minecraft:scale1.0"
          ]
        }
      },
      "minecraft:event_scale1.5": {
        "add": {
          "component_groups": [
            "minecraft:scale1.5"
          ]
        }
      },
      "minecraft:event_scale2.0": {
        "add": {
          "component_groups": [
            "minecraft:scale2.0"
          ]
        }
      },
      "minecraft:event_reset": {
        "add": {
          "component_groups": [
            "minecraft:reset"
          ]
        }
      }

    }
  }
}
