{
 "pools": [
  {
   "rolls": 1,
   "entries": [
    {
     "type": "loot_table",
     "name": "loot_tables/blocks/lucky_mobs/p1.json",
     "weight": 1
    },
    {
     "type": "loot_table",
     "name": "loot_tables/blocks/lucky_mobs/c1.json",
     "weight": 1
    },
    {
     "type": "loot_table",
     "name": "loot_tables/blocks/lucky_mobs/dinnerbone1.json",
     "weight": 1
    },
    {
     "type": "loot_table",
     "name": "loot_tables/blocks/lucky_mobs/entitytnt.json",
     "weight": 1
    },
    {
     "type": "loot_table",
     "name": "loot_tables/blocks/lucky_mobs/multirayo.json",
     "weight": 1
    },
    {
     "type": "loot_table",
     "name": "loot_tables/blocks/lucky_mobs/bob.json",
     "weight": 1
    },
    {
     "type": "loot_table",
     "name": "loot_tables/blocks/lucky_mobs/minispider.json",
     "weight": 1
    },
    {
     "type": "loot_table",
     "name": "loot_tables/blocks/lucky_mobs/zombieg.json",
     "weight": 1
    },
    {
     "type": "loot_table",
     "name": "loot_tables/blocks/lucky_mobs/xp.json",
     "weight": 1
    },
    {
     "type": "loot_table",
     "name": "loot_tables/blocks/lucky_mobs/jeb_.json",
     "weight": 1
    },
    {
     "type": "loot_table",
     "name": "loot_tables/blocks/lucky_mobs/electricreeper.json",
     "weight": 1
    },
    {
     "type": "loot_table",
     "name": "loot_tables/blocks/lucky_mobs/creeper.json",
     "weight": 1
    },
    {
     "type": "loot_table",
     "name": "loot_tables/blocks/lucky_mobs/slimes.json",
     "weight": 1
    },
    {
     "type": "loot_table",
     "name": "loot_tables/blocks/lucky_mobs/skeleton.json",
     "weight": 1
    },
    {
     "type": "loot_table",
     "name": "loot_tables/blocks/lucky_mobs/zombie.json",
     "weight": 1
    },
    {
     "type": "loot_table",
     "name": "loot_tables/blocks/lucky_mobs/spider.json",
     "weight": 1
    },    
    {
     "type": "loot_table",
     "name": "loot_tables/blocks/lucky_mobs/cave_spider.json",
     "weight": 1
    },    
    {
     "type": "loot_table",
     "name": "loot_tables/blocks/lucky_mobs/pillager.json",
     "weight": 1
    },    
    {
     "type": "loot_table",
     "name": "loot_tables/blocks/lucky_mobs/silverfish.json",
     "weight": 1
    },    
    {
     "type": "loot_table",
     "name": "loot_tables/blocks/lucky_mobs/blaze.json",
     "weight": 1
    },    
    {
     "type": "loot_table",
     "name": "loot_tables/blocks/lucky_mobs/wither_skeleton.json",
     "weight": 1
    },    
    {
     "type": "loot_table",
     "name": "loot_tables/blocks/lucky_mobs/evoker.json",
     "weight": 1
    },    
    {
     "type": "loot_table",
     "name": "loot_tables/blocks/lucky_mobs/vindicator.json",
     "weight": 1
    },    
    {
     "type": "loot_table",
     "name": "loot_tables/blocks/lucky_mobs/guardian.json",
     "weight": 1
    },    
    {
     "type": "loot_table",
     "name": "loot_tables/blocks/lucky_mobs/phantom.json",
     "weight": 1
    },    
    {
     "type": "loot_table",
     "name": "loot_tables/blocks/lucky_mobs/ghast.json",
     "weight": 1
    },    
    {
     "type": "loot_table",
     "name": "loot_tables/blocks/lucky_mobs/vex.json",
     "weight": 1
    },    
    {
     "type": "loot_table",
     "name": "loot_tables/blocks/lucky_mobs/ravager.json",
     "weight": 1
    },    
    {
     "type": "loot_table",
     "name": "loot_tables/blocks/lucky_mobs/wither.json",
     "weight": 1
    },    
    {
     "type": "loot_table",
     "name": "loot_tables/blocks/lucky_mobs/elder_guardian.json",
     "weight": 1
    },    
    {
     "type": "loot_table",
     "name": "loot_tables/blocks/lucky_mobs/witch.json",
     "weight": 1
    },    
    {
     "type": "loot_table",
     "name": "loot_tables/blocks/lucky_mobs/pufferfishs.json",
     "weight": 1
    },    
    {
     "type": "loot_table",
     "name": "loot_tables/blocks/lucky_mobs/magma_cube.json",
     "weight": 1
    },        {
     "type": "loot_table",
     "name": "loot_tables/blocks/lucky_mobs/chicken.json",
     "weight": 1
    },
    {
     "type": "loot_table",
     "name": "loot_tables/blocks/lucky_mobs/cod.json",
     "weight": 1
    },
    {
     "type": "loot_table",
     "name": "loot_tables/blocks/lucky_mobs/pig.json",
     "weight": 1
    },
    {
     "type": "loot_table",
     "name": "loot_tables/blocks/lucky_mobs/cow.json",
     "weight": 1
    },
    {
     "type": "loot_table",
     "name": "loot_tables/blocks/lucky_mobs/sheep.json",
     "weight": 1
    },
    {
     "type": "loot_table",
     "name": "loot_tables/blocks/lucky_mobs/wolf.json",
     "weight": 1
    },
    {
     "type": "loot_table",
     "name": "loot_tables/blocks/lucky_mobs/cat.json",
     "weight": 1
    },
    {
     "type": "loot_table",
     "name": "loot_tables/blocks/lucky_mobs/parrot.json",
     "weight": 1
    },
    {
     "type": "loot_table",
     "name": "loot_tables/blocks/lucky_mobs/rabbit.json",
     "weight": 1
    },
    {
     "type": "loot_table",
     "name": "loot_tables/blocks/lucky_mobs/polar.json",
     "weight": 1
    },
    {
     "type": "loot_table",
     "name": "loot_tables/blocks/lucky_mobs/trader.json",
     "weight": 1
    },
    {
     "type": "loot_table",
     "name": "loot_tables/blocks/lucky_mobs/horse.json",
     "weight": 1
    },        
    {
     "type": "loot_table",
     "name": "loot_tables/blocks/lucky_mobs/bee.json",
     "weight": 1
    },
    {
     "type": "loot_table",
     "name": "loot_tables/blocks/lucky_mobs/fox.json",
     "weight": 1
    },
    {
     "type": "loot_table",
     "name": "loot_tables/blocks/lucky_mobs/panda.json",
     "weight": 1
    },
    {
     "type": "loot_table",
     "name": "loot_tables/blocks/lucky_mobs/turtle.json",
     "weight": 1
    },
    {
     "type": "loot_table",
     "name": "loot_tables/blocks/lucky_mobs/zombie_horse.json",
     "weight": 1
    },
    {
     "type": "loot_table",
     "name": "loot_tables/blocks/lucky_mobs/skeleton_horse.json",
     "weight": 1
    },
    {
     "type": "loot_table",
     "name": "loot_tables/blocks/lucky_mobs/villager.json",
     "weight": 1
     }
    ]
   }
  ]
 }
}