{
  "format_version": "1.16.100",
  "minecraft:item": {
    "description": {
      "identifier": "lucky:cake_delivery",
      "category": "Nature"
    },
    "components": {
      "minecraft:creative_category": {
      "parent": "itemGroup.name.mobEgg"
      },
      "minecraft:icon": {
        "texture": "egg_enderman"
      },
      "minecraft:display_name": {
        "value": "Spawn §5Cake Delivery"
      },
      "minecraft:stacked_by_data": true,
      "minecraft:liquid_clipped": true,
      "minecraft:entity_placer": {
        "entity": "spawn_entity:cake_delivery"
      }
    }
  }
}