{
  "format_version": "1.16.100",
  "minecraft:item": {
    "description": {
      "identifier": "lucky:living_flame",
      "category": "Nature"
    },
    "components": {
      "minecraft:foil": true,
      "minecraft:creative_category": {
      "parent": "itemGroup.name.mobEgg"
      },
      "minecraft:icon": {
        "texture": "living_flame"
      },
      "minecraft:display_name": {
        "value": "Flint and Steel of §6Living Flames"
      },
      "minecraft:stacked_by_data": true,
      "minecraft:liquid_clipped": true,
      "minecraft:entity_placer": {
        "entity": "spawn_entity:living_flame"
      }
    }
  }
}