{
  "format_version": "1.16.100",
  "minecraft:item": {
    "description": {
      "identifier": "lucky:lucky_villager",
      "category": "Nature"
    },
    "components": {
      "minecraft:creative_category": {
      "parent": "itemGroup.name.mobEgg"
      },
      "minecraft:icon": {
        "texture": "lucky_villager"
      },
      "minecraft:display_name": {
        "value": "Spawn §gLucky Villager"
      },
      "minecraft:render_offsets": {
        "main_hand": {
          "first_person": {
            "scale": [
              0.02,
              0.02,
              0.02
            ]
          },
          "third_person": {
            "scale": [
              0.045,
              0.045,
              0.045
            ]
          }
        }
      },
      "minecraft:stacked_by_data": true,
      "minecraft:liquid_clipped": true,
      "minecraft:entity_placer": {
        "entity": "spawn_entity:lucky_villager"
      }
    }
  }
}