{
  "format_version": "1.16.100",
  "minecraft:item": {
    "description": {
      "identifier": "effect:bedrock_sword",
      "category": "equipment"
    },
    "components": {
      "minecraft:explodable": false,
      "minecraft:foil": false,
      "minecraft:should_despawn": false,
      "minecraft:max_stack_size": 1,
      "minecraft:allow_off_hand": false,
      "minecraft:hand_equipped": true,
      "minecraft:creative_category": {
        "parent": "itemGroup.name.sword"
      },
      "minecraft:can_destroy_in_creative": false,
      "minecraft:icon": {
        "texture": "bedrock_sword"
      },
      "minecraft:digger": {
        "use_efficiency": true,
        "destroy_speeds": [
          {
            "block": {
              "tags": "q.any_tag('stone', 'metal', 'diamond_pick_diggable', 'wood', 'pumpkin', 'plant', 'dirt', 'sand', 'gravel', 'grass', 'snow')"
            },
            "speed": 999
          },
          {
            "block": "effect99:quartz_diamond_block",
            "speed": 50
          },
          {
            "block": "effect99:quartz_diamond_ore",
            "speed": 100
          },
          {
            "block": "effect99:silver_ore",
            "speed": 999
          },
          {
            "block": "minecraft:warped_wart_block",
            "speed": 999
          },
          {
            "block": "minecraft:nether_wart_block",
            "speed": 999
          },
          {
            "block": "minecraft:leaves",
            "speed": 999
          },
          {
            "block": "minecraft:leaves2",
            "speed": 999
          },
          {
            "block": "minecraft:hay_block",
            "speed": 999
          },
          {
            "block": "minecraft:soul_soil",
            "speed": 999
          },
          {
            "block": "minecraft:soul_sand",
            "speed": 999
          },
          {
            "block": "minecraft:chest",
            "speed": 999
          },
          {
            "block": "minecraft:melon_block",
            "speed": 999
          },
          {
            "block": "minecraft:bookshelf",
            "speed": 999
          },
          {
            "block": "minecraft:lectern",
            "speed": 999
          },
          {
            "block": "minecraft:pumkin",
            "speed": 999
          },
          {
            "block": "minecraft:ice",
            "speed": 999
          },
          {
            "block": "minecraft:bone_block",
            "speed": 999
          },
          {
            "block": "minecraft:mob_spawner",
            "speed": 999
          },
          {
            "block": "minecraft:anvil",
            "speed": 999
          },
          {
            "block": "minecraft:netherite_block",
            "speed": 999
          },
          {
            "block": "minecraft:sandstone",
            "speed": 999
          },
          {
            "block": "minecraft:diamond_block",
            "speed": 999
          },
          {
            "block": "minecraft:lapis_block",
            "speed": 999
          },
          {
            "block": "minecraft:emerald_block",
            "speed": 999
          },
          {
            "block": "minecraft:ancient_debris",
            "speed": 999
          },
          {
            "block": "minecraft:cracked_polished_blackstone_bricks",
            "speed": 999
          },
          {
            "block": "minecraft:nether_brick",
            "speed": 999
          },
          {
            "block": "minecraft:cracked_nether_bricks",
            "speed": 999
          },
          {
            "block": "minecraft:quartz_ore",
            "speed": 999
          },
          {
            "block": "minecraft:netherrack",
            "speed": 999
          },
          {
            "block": "minecraft:basalt",
            "speed": 999
          },
          {
            "block": "minecraft:end_bricks",
            "speed": 999
          },
          {
            "block": "minecraft:purpur_block",
            "speed": 999
          },
          {
            "block": "minecraft:purpur_stairs",
            "speed": 999
          },
          {
            "block": "minecraft:end_brick_stairs",
            "speed": 999
          },
          {
            "block": "minecraft:stone_slab2",
            "speed": 999
          },
          {
            "block": "minecraft:stone_slab3",
            "speed": 999
          },
          {
            "block": "minecraft:polished_basalt",
            "speed": 999
          },
          {
            "block": "minecraft:warped_nylium",
            "speed": 999
          },
          {
            "block": "minecraft:crimson_nylium",
            "speed": 999
          },
          {
            "block": "minecraft:end_stone",
            "speed": 999
          },
          {
            "block": "minecraft:ender_chest",
            "speed": 999
          },
          {
            "block": "minecraft:quartz_block",
            "speed": 999
          },
          {
            "block": "minecraft:quartz_stairs",
            "speed": 999
          },
          {
            "block": "minecraft:quartz_bricks",
            "speed": 999
          },
          {
            "block": "minecraft:quartz_stairs",
            "speed": 999
          },
          {
            "block": "minecraft:nether_gold_ore",
            "speed": 999
          },
          {
            "block": "minecraft:blackstone",
            "speed": 999
          },
          {
            "block": "minecraft:furnace",
            "speed": 999
          },
          {
            "block": "minecraft:blast_furnace",
            "speed": 999
          },
          {
            "block": "minecraft:lit_furnace",
            "speed": 999
          },
          {
            "block": "minecraft:blast_furnace",
            "speed": 999
          },
          {
            "block": "minecraft:chain",
            "speed": 999
          },
          {
            "block": "minecraft:lantern",
            "speed": 999
          },
          {
            "block": "minecraft:soul_lantern",
            "speed": 999
          },
          {
            "block": "minecraft:grindstone",
            "speed": 999
          },
          {
            "block": "minecraft:brewing_stand",
            "speed": 999
          },
          {
            "block": "minecraft:smooth_stone",
            "speed": 999
          },
          {
            "block": "minecraft:stonebrick",
            "speed": 999
          },
          {
            "block": "minecraft:enchanting_table",
            "speed": 999
          },
          {
            "block": "minecraft:stone_brick_stairs",
            "speed": 999
          },
          {
            "block": "minecraft:mossy_stone_brick_stairs",
            "speed": 999
          },
          {
            "block": "minecraft:polished_blackstone_bricks",
            "speed": 999
          },
          {
            "block": "minecraft:polished_blackstone_stairs",
            "speed": 999
          },
          {
            "block": "minecraft:blackstone_wall",
            "speed": 999
          },
          {
            "block": "minecraft:blackstone_wall",
            "speed": 999
          },
          {
            "block": "minecraft:polished_blackstone_wall",
            "speed": 999
          }
        ]
      },
      "minecraft:display_name": {},
      "minecraft:damage": 18,
      "minecraft:weapon": {}
    },
    "events": {}
  }
}