{
  "format_version": "1.16.100",
  "minecraft:item": {
    "description": {
      "identifier": "effect:glass_sword",
      "category": "equipment"
    },
    "components": {
      "minecraft:foil": false,
      "minecraft:max_stack_size": 1,
      "minecraft:enchantable": {
        "value": 9,
        "slot": "sword"
      },
      "minecraft:durability": {
        "max_durability": 1
      },
      "minecraft:allow_off_hand": false,
      "minecraft:hand_equipped": true,
      "minecraft:creative_category": {
        "parent": "itemGroup.name.sword"
      },
      "minecraft:can_destroy_in_creative": false,
      "minecraft:icon": {
        "texture": "glass_sword"
      },
      "minecraft:repairable": {
        "repair_items": [
          {
            "items": [
              "effect:glass_sword"
            ],
            "repair_amount": 1
          },
          {
            "items": [
              "minecraft:glass"
            ],
            "repair_amount": 1
          }
        ]
      },
      "minecraft:digger": {
        "use_efficiency": true,
        "destroy_speeds": [
          {
            "block": "minecraft:web",
            "speed": 25,
            "on_dig": {
              "event": "weapon"
            }
          },
          {
            "block": "minecraft:bamboo",
            "speed": 15,
            "on_dig": {
              "event": "weapon"
            }
          }
        ],
        "on_dig": {
          "event": "weapon"
        }
      },
      "minecraft:display_name": {},
      "minecraft:damage": 33,
      "minecraft:weapon": {
        "on_hurt_entity": {
          "event": "weapon"
        },
        "on_not_hurt_entity": {
          "event": "weapon"
        },
        "on_hit_block": {
          "event": "weapon"
        }
      }
    },
    "events": {
      "weapon": {
        "sequence": [
          {
            "damage": {
              "type": "durability",
              "amount": 10,
              "target": "self"
            },
            "run_command": { "command": [ "playsound random.glass @a[r=8,m=0]" ] }
          }
        ]
      }
    }
  }
}