{
  "format_version": "1.16.100",
  "minecraft:item": {
    "description": {
      "identifier": "effect99:meteorite_sword",
      "category": "equipment"
    },
    "components": {
      "minecraft:max_stack_size": 1,
      "minecraft:enchantable": {
        "value": 9,
        "slot": "sword"
      },
      "minecraft:durability": {
        "max_durability": 4150
      },
      "tag:minecraft:is_sword": {},
      "minecraft:allow_off_hand": true,
      "minecraft:hand_equipped": true,
      "minecraft:creative_category": {
        "parent": "itemGroup.name.sword"
      },
      "minecraft:can_destroy_in_creative": false,
      "minecraft:icon": {
        "texture": "meteorite_sword"
      },
      "minecraft:repairable": {
        "repair_items": [
          {
            "items": [
              "effect99:meteorite_sword"
            ],
            "repair_amount": 4150
          }
        ]
      },
      "minecraft:digger": {
        "use_efficiency": true,
        "destroy_speeds": [
          {
            "block": "minecraft:web",
            "speed": 25,
            "on_dig": {
              "event": "weapon"
            }
          },
          {
            "block": "minecraft:bamboo",
            "speed": 15,
            "on_dig": {
              "event": "weapon"
            }
          }
        ],
        "on_dig": {
          "event": "weapon"
        }
      },
      "minecraft:weapon": {
        "on_hurt_entity": {
          "event": "weapon"
        },
        "on_not_hurt_entity": {
          "event": "weapon"
        },
        "on_hit_block": {
          "event": "weapon"
        }
      },
      "minecraft:render_offsets": "tools",
      "minecraft:display_name": {
       "value": "§6Meteorite Sword"
      },
      "minecraft:damage": 9
    },
    "events": {
      "weapon": {
        "sequence": [
          {
            "damage": {
              "type": "durability",
              "amount": 1,
              "target": "self"
            }
          },
          {
            "randomize": [
              {
                "weight": 85,
                "run_command": {
                  "command": [
                    "effect @s fire_resistance 1 0 true"
                  ]
                },
                "shoot": {
                  "projectile": "minecraft:small_fireball",
                  "launch_power": 1
                }
              },
              {
                "weight": 14,
                "run_command": {
                  "command": [
                    "effect @s fire_resistance 1 0 true"
                  ]
                },
                "shoot": {
                  "projectile": "minecraft:fireball",
                  "launch_power": 1
                }
              },
              {
                "weight": 1,
                "run_command": {
                  "command": [
                    "summon effect99:tardigrade ^ ^ ^2"
                  ]
                }
              }
            ]
          }
        ]
      }
    }
  }
}