{
  "format_version": "1.16.100",
  "minecraft:item": {
    "description": {
      "identifier": "effect99:meteorite_boots",
      "category": "equipment"
    },
    "components": {
      "minecraft:max_stack_size": 1,
      "minecraft:foil": false,
      "minecraft:enchantable": {
        "value": 9,
        "slot": "armor_feet"
      },
      "minecraft:armor": {
        "protection": 4
      },
      "minecraft:wearable": {
        "slot": "slot.armor.feet"
      },
      "minecraft:durability": {
        "max_durability": 1561
      },
      "minecraft:repairable": {
        "repair_items": [
          {
            "items": [
              "effect99:meteorite_boots"
            ],
            "repair_amount": 1561
          }
        ]
      },
      "minecraft:creative_category": {
        "parent": "itemGroup.name.boots"
      },
      "minecraft:icon": {
        "texture": "meteorite_boots"
      },
      "minecraft:render_offsets": "boots",
      "minecraft:display_name": {}
    }
  }
}