{
  "format_version": "1.16.100",
  "minecraft:item": {
    "description": {
      "identifier": "effect:obsidian_sword",
      "category": "equipment"
    },
    "components": {
      "minecraft:explodable": false,
      "minecraft:foil": false,
      "minecraft:max_stack_size": 1,
      "minecraft:enchantable": {
        "value": 9,
        "slot": "sword"
      },
      "minecraft:durability": {
        "max_durability": 3000
      },
      "minecraft:allow_off_hand": false,
      "minecraft:hand_equipped": true,
      "minecraft:creative_category": {
        "parent": "itemGroup.name.sword"
      },
      "minecraft:can_destroy_in_creative": false,
      "minecraft:icon": {
        "texture": "obsidian_sword"
      },
      "minecraft:repairable": {
        "repair_items": [
          {
            "items": [
              "effect:obsidian_sword"
            ],
            "repair_amount": 3000
          },
          {
            "items": [
              "minecraft:obsidian"
            ],
            "repair_amount": 120
          }
        ]
      },
      "minecraft:digger": {
        "use_efficiency": true,
        "destroy_speeds": [
          {
            "block": "minecraft:web",
            "speed": 15
          },
          {
            "block": "minecraft:bamboo",
            "speed": 10
          }
        ]
      },
      "minecraft:display_name": {},
      "minecraft:damage": 8,
      "minecraft:weapon": {
        "on_hurt_entity": {
          "event": "weapon"
        }
      }
    },
    "events": {
      "weapon": {
        "randomize": [
          {
            "weight": 55,
            "damage": {
              "type": "durability",
              "amount": 1,
              "target": "self"
            }
          },
          {
            "weight": 30,
            "damage": {
              "type": "durability",
              "amount": 2,
              "target": "self"
            }
          },
          {
            "weight": 15,
            "damage": {
              "type": "durability",
              "amount": 3,
              "target": "self"
            }
          }
        ]
      }
    }
  }
}