{
  "format_version": "1.13.0",
  "minecraft:entity": {
    "description": {
      "identifier": "entity:alpha_wolf",
      "runtime_identifier": "minecraft:wolf",
      "is_spawnable": true,
      "is_summonable": true,
      "is_experimental": false,
      "scripts": {
        "animate": [ "despawn_wolf" ]
     },
     "animations": {
       "despawn_wolf": "controller.animation.despawn_wolf"
      }
    },
    "component_groups": {
      "health_bar": {
        "minecraft:boss": {
          "should_darken_sky": false,
          "name": "§l§7Alpha Wolf",
          "hud_range": 16
        }
      },
      "despawn": {
        "minecraft:despawn": {}
      }
    },
    "components": {
      "minecraft:experience_reward": {
        "on_bred": "Math.Random(1,7)",
        "on_death": "query.last_hit_by_player ? Math.Random(1,3) : 30"
      },
      "minecraft:damage_sensor": {
        "triggers": [
          {
            "on_damage": {  "filters": {
                "all_of": [
                  {
                    "test": "has_equipment", "subject": "other", "domain": "hand", "value": "effect:silver_sword"
                  },
                  {
                    "test": "is_family", "subject": "other", "value": "player"
                  },
                  {
                    "test": "has_damage", "value": "fatal"
                  }
                ]
              },
              "event": "minecraft:wolf_sword"
            },
            "deals_damage": true
          },
          {
            "on_damage": {  "filters": {
                "all_of": [
                  {
                    "test": "has_equipment", "subject": "other", "domain": "hand", "operator": "!=", "value": "effect:silver_sword"
                  },
                  {
                    "test": "is_family", "subject": "other", "value": "player"
                  }
                ]
              },
              "event": "add_effects"
            },
            "deals_damage": true
          },
          {
            "on_damage": {  "filters": {
                "all_of": [
                  {
                    "test": "has_equipment", "subject": "other", "domain": "hand", "value": "effect:silver_sword"
                  },
                  {
                    "test": "is_family", "subject": "other", "value": "player"
                  }
                ]
              },
              "event": "clear_effects"
            },
            "deals_damage": true
          }
        ]
      },
      "minecraft:angry": {
        "duration": 75,
        "broadcast_anger": true,
        "broadcast_range": 30,
        "calm_event": {}
      },
      "minecraft:nameable": {
      },
      "minecraft:type_family": {
        "family": [ "wolf", "mob", "monster", "alpha_wolf" ]
      },
      "minecraft:behavior.nearest_attackable_target": {
        "priority": 1,
        "entity_types": [ { "filters": { "any_of": [ 
          { "test" :  "is_family", "subject" : "other", "value" :  "player"},
          { "test" :  "is_family", "subject" : "other", "value" :  "panda"},
          { "test" :  "is_family", "subject" : "other", "value" :  "irongolem"},
          { "test" :  "is_family", "subject" : "other", "value" :  "snowgolem"},
          { "test" :  "is_family", "subject" : "other", "value" :  "dolphin"},
          { "test" :  "is_family", "subject" : "other", "value" :  "fox"},
          { "test" :  "is_family", "subject" : "other", "value" :  "llama"},
          { "test" :  "is_family", "subject" : "other", "value" :  "mushroomcow"},
          { "test" :  "is_family", "subject" : "other", "value" :  "mule"},
          { "test" :  "is_family", "subject" : "other", "value" :  "panda"},
          { "test" :  "is_family", "subject" : "other", "value" :  "pig"},
          { "test" :  "is_family", "subject" : "other", "value" :  "polarbear"},
          { "test" :  "is_family", "subject" : "other", "value" :  "rabbit"},
          { "test" :  "is_family", "subject" : "other", "value" :  "villager"},
          { "test" :  "is_family", "subject" : "other", "value" :  "wandering_trader"},
          { "test" :  "is_family", "subject" : "other", "value" :  "sheep"},
          { "test" :  "is_family", "subject" : "other", "value" :  "chicken"},
          { "test" :  "is_family", "subject" : "other", "value" :  "cow"},
          { "test" :  "is_family", "subject" : "other", "value" :  "horse"},
          { "test" :  "is_family", "subject" : "other", "value" :  "donkey"} ]
          },
          "max_dist":30
          }
        ]
      },
      "minecraft:breathable": {
        "total_supply": 15,
        "suffocate_time": 0
      },
      "minecraft:collision_box": {
        "width": 0.6,
        "height": 0.8
      },
      "minecraft:health": {
        "value": 480,
        "max": 480
      },
      "minecraft:hurt_on_condition": {
        "damage_conditions": [
          {
            "filters": { "test": "in_lava", "subject": "self", "operator": "==", "value": true },
            "cause": "lava",
            "damage_per_tick": 4
          }
        ]
      },
      "minecraft:scale": {
        "value": 1.8
      },
      "minecraft:movement": {
        "value": 0.4
      },
      "minecraft:navigation.walk": {
        "can_path_over_water": true,
        "avoid_damage_blocks": true
      },
      "minecraft:movement.basic": {
      },
      "minecraft:jump.static": {
      },
      "minecraft:can_climb": {
      },
      "minecraft:attack": {
        "damage": 8
      },
      "minecraft:behavior.float": {
        "priority": 0
      },
      "minecraft:behavior.melee_attack": {
        "priority": 1,
        "target_dist": 3,
        "track_target": true,
        "reach_multiplier": 1.0
      },
      "minecraft:behavior.random_stroll": {
        "priority": 2,
        "speed_multiplier": 1.0
      },
      "minecraft:behavior.hurt_by_target": {
        "priority": 1
      },
      "minecraft:physics": {
      },
      "minecraft:pushable": {
        "is_pushable": true,
        "is_pushable_by_piston": true
      }
    },
    "events": {
      "minecraft:entity_spawned": {
        "run_command": { "command": [ "playsound wolf_sword.distant_howl @a[rm=25,r=100]" ] }
      },
      "despawn": {
        "add": { "component_groups": [ "despawn" ] },
        "run_command": { "command": [ "stopsound @a wolf_sword.distant_howl" ] }
      },
      "add_effects": {
        "add": { "component_groups": [ "health_bar" ] },
        "run_command": { "command": [ "effect @s resistance 20 2 true", "effect @s regeneration 20 2 true" ] }
      },
      "clear_effects": {
        "add": { "component_groups": [ "health_bar" ] },
        "run_command": { "command": [ "effect @s resistance 0", "effect @s regeneration 0" ] }
      },
      "minecraft:wolf_sword":{
        "sequence": [
          {
            "randomize": [
              {
                "weight": 90
              },
              {
                "weight": 10,
                "run_command": { "command": [ "structure load wolf_sword ~ ~ ~" ] }
              }
            ]
          }
        ]
      }
    }
  }
}