{
  "format_version": "1.11.0",
  "minecraft:entity": {
    "description": {
      "identifier": "entity:centella",
      "is_spawnable": false,
      "is_summonable": true,
      "is_experimental": false
     },
     "component_groups": {
       "despawn": {
        "minecraft:despawn": {}
       }
     },
     "components": {
      "minecraft:type_family": { "family": [ "effect99_entities", "centella", "spherical_lightning" ] 
      },
      "minecraft:on_death": {
        "event": "minecraft:start_death", "target": "self"
      },
      "minecraft:damage_sensor": {
        "triggers": [
          {
            "on_damage": {  "filters": { "all_of": [ { "test": "has_damage", "value": "fatal" } ] },
              "event": "centella_death"
            },
            "deals_damage": true
          }
        ]
      },
      "minecraft:movement": {
        "value": 0.22
      },
      "minecraft:loot": {
        "table": "loot_tables/items/centella.json"
      },
      "minecraft:navigation.walk": {
        "can_path_over_water": false,
        "can_path_over_lava": true,
        "can_walk_in_lava": true,
        "can_jump": false,
        "avoid_water": true,
        "avoid_damage_blocks": false
      },
      "minecraft:movement.basic": {
      },
      "minecraft:jump.static": {
      },
      "minecraft:can_climb": {
      },
      "minecraft:behavior.random_stroll": {
        "priority": 1,
        "speed_multiplier": 0.7
      },
      "minecraft:behavior.float": {
        "priority": 1
      }, 
      "minecraft:timer": { "time": [ 10, 60 ], "looping": true, "randomInterval": true, "time_down_event": { "event": "minecraft:start_death", "target": "self" }
      },
      "minecraft:health": { "value": 200 },
      "minecraft:collision_box": { "width": 0.8, "height": 1.5 },
      "minecraft:fire_immune": true,
      "minecraft:physics": {},
      "minecraft:environment_sensor": [ { "on_environment": { "filters": { "test": "is_family", "value": "centella" }, "event": "minecraft:centella"  } } ]
     },
     "events": {
       "minecraft:entity_spawned": {
      },
      "minecraft:centella": {
        "sequence": [
          {
           "run_command": { 
           "command": [ 
             "particle minecraft:example_directional_sphere ~ ~1.3 ~",
             "effect @e[family=!effect99_entities,r=2] instant_damage 1 0 true",
             "effect @s slow_falling 10 0 true",
             "playsound mob.wither.spawn @a[r=16] ~ ~ ~ 1 0.3",
             "fill ~1 ~1 ~1 ~-1 ~-1 ~-1 effect99:lightblock 0 replace air",
             "fill ~1 ~1 ~1 ~-1 ~-1 ~-1 effect99:lightblock 0 replace effect99:lightblock" ] 
            }
          }
        ]
      },
      "minecraft:start_death": {
        "add": { "component_groups": [ "despawn" ] }
      },
      "centella_death": {
        "run_command": { "command": [ "summon lightning_bolt ~~~ default_lightning_bolt" ] }
      }
    }
  }
}