{
  "format_version": "1.11.0",
  "minecraft:entity": {
    "description": {
      "identifier": "minecraft:item",
      "is_spawnable": false,
      "is_summonable": true,
      "is_experimental": false,
      "scripts": {
        "animate": [
          "on_fire_swords"
        ]
      },
      "animations": {
        "on_fire_swords": "controller.animation.item_events"
      }
    },
    "component_groups": {
      "sponge_sword": {
        "minecraft:timer": { "time": [ 0, 1 ], "looping": false, "randomInterval": true,
         "time_down_event": { "event": "wet_sponge_sword", "target": "self" }
        },
        "minecraft:type_family": { "family": [ "sponge_sword" ] }
      },
      "fire_sword": {
        "minecraft:timer": { "time": [ 5, 6 ], "looping": false, "randomInterval": true,
         "time_down_event": { "event": "fire_sword_event_1", "target": "self" }
        },
        "minecraft:type_family": { "family": [ "fire_sword" ] }
      }
    },
    "components": {
      "minecraft:type_family": { "family": [ "item" ] },
      "minecraft:environment_sensor": [
        {
          "on_environment": {
            "filters": { "all_of": [ 
              { "test": "has_tag", "value": "fire_sword" },
              { "test": "in_water", "operator": "!=" },
              { "test": "in_water_or_rain" } ] 
            },
            "event": "fading_fire_sword"
          }
        },
        {
          "on_environment": {
            "filters": { "all_of": [ 
              { "test": "has_tag", "value": "fire_sword" },
              { "test": "in_water" } ] 
            },
            "event": "fire_sword_event_2"
          }
        },
        {
          "on_environment": {
            "filters": { "all_of": [
              { "test": "is_family", "value": "fire_sword" },
              { "test": "in_water_or_rain", "operator": "!=" } ] 
            },
            "event": "stop_fire_sword"
          }
        },
        {
          "on_environment": {
            "filters": { "all_of": [ 
              { "test": "has_tag", "value": "sponge_sword" },
              { "test": "in_water_or_rain" } ] 
            },
            "event": "sponge_sword_event"
          }
        },
        {
          "on_environment": {
            "filters": { "all_of": [ 
              { "test": "is_family", "value": "sponge_sword" },
              { "test": "in_water_or_rain", "operator": "!=" } ]
            },
            "event": "stop_sponge_sword"
          }
        },
        {
          "on_environment": {
            "filters": { "test": "has_tag", "value": "fire_immune" },
            "event": "delete_fire_blocks"
          }
        },
        {
          "on_environment": {
            "filters": { "all_of": [ 
              { "test": "has_tag", "value": "wish_1" } ]
            },
            "event": "fountain_of_wishes_1"
          }
        },
        {
          "on_environment": {
            "filters": { "all_of": [ 
              { "test": "has_tag", "value": "wish_2" } ]
            },
            "event": "fountain_of_wishes_2"
          }
        }
      ],
      "minecraft:physics": {}
    },
    "events": {
      "sponge_sword_event": {
        "sequence": [
          {
           "filters": { "test": "is_family", "operator": "!=", "value": "sponge_sword" },
           "add": { "component_groups": [ "sponge_sword" ] }
          },
          {
            "run_command": {
             "command": [
               "fill ~2 ~2 ~2 ~-2 ~-2 ~-2 sponge 0 replace water",
               "playsound random.fizz @a[r=12] ~~~ 0.5",
               "particle minecraft:cauldron_explosion_emitter ~ ~ ~",
               "fill ~2 ~2 ~2 ~-2 ~-2 ~-2 air 0 replace sponge",
               "fill ~2 ~2 ~2 ~-2 ~-2 ~-2 air 0 replace seagrass"
              ]
            }
          }
        ]
      },
      "wet_sponge_sword": { "run_command": { "command": [ "structure load wet_sponge_sword ~ ~ ~", "kill @s" ] } 
      },
      "stop_sponge_sword": { "remove": { "component_groups": [ "sponge_sword" ] } 
      },
      "fountain_of_wishes_1": { "run_command": { "command": [ "execute @s ~ ~ ~ detect ~ ~ ~ water 0 execute @s ~ ~ ~ detect ~1 ~ ~ water 0 execute @s ~ ~ ~ detect ~-1 ~ ~ water 0 execute @s ~ ~ ~ detect ~ ~ ~1 water 0 execute @s ~ ~ ~ detect ~ ~ ~-1 water 0 execute @s ~ ~ ~ detect ~ ~-1 ~ sandstone 0 execute @s ~ ~ ~ detect ~1 ~-1 ~ sandstone 0 execute @s ~ ~ ~ detect ~-1 ~-1 ~ sandstone 0 execute @s ~ ~ ~ detect ~ ~-1 ~1 sandstone 0 execute @s ~ ~ ~ detect ~ ~-1 ~-1 sandstone 0 execute @s ~ ~ ~ detect ~ ~4 ~ sandstone 0 execute @s ~ ~ ~ detect ~1 ~2 ~1 sandstone 0 execute @s ~ ~ ~ detect ~-1 ~2 ~-1 sandstone 0 execute @s ~ ~ ~ detect ~-1 ~2 ~1 sandstone 0 execute @s ~ ~ ~ detect ~1 ~2 ~-1 sandstone 0 event entity @s wish_1" ] }
      },
      "fountain_of_wishes_2": { "run_command": { "command": [ "execute @s ~ ~ ~ detect ~ ~ ~ water 0 execute @s ~ ~ ~ detect ~1 ~ ~ water 0 execute @s ~ ~ ~ detect ~-1 ~ ~ water 0 execute @s ~ ~ ~ detect ~ ~ ~1 water 0 execute @s ~ ~ ~ detect ~ ~ ~-1 water 0 execute @s ~ ~ ~ detect ~ ~-1 ~ sandstone 0 execute @s ~ ~ ~ detect ~1 ~-1 ~ sandstone 0 execute @s ~ ~ ~ detect ~-1 ~-1 ~ sandstone 0 execute @s ~ ~ ~ detect ~ ~-1 ~1 sandstone 0 execute @s ~ ~ ~ detect ~ ~-1 ~-1 sandstone 0 execute @s ~ ~ ~ detect ~ ~4 ~ sandstone 0 execute @s ~ ~ ~ detect ~1 ~2 ~1 sandstone 0 execute @s ~ ~ ~ detect ~-1 ~2 ~-1 sandstone 0 execute @s ~ ~ ~ detect ~-1 ~2 ~1 sandstone 0 execute @s ~ ~ ~ detect ~1 ~2 ~-1 sandstone 0 event entity @s wish_2" ] }
      },
      "wish_1": {
        "randomize": [
          {
            "weight": 992,
            "run_command": { "command": [ "particle minecraft:example_flipbook ~ ~ ~", "kill @s" ] }
          },
          {
            "weight": 8,
            "run_command": { "command": [ "structure load ultra_instinct_sword ~ ~1 ~", "fill ~15 ~10 ~15 ~-15 ~-15 ~-15 concretepowder 0 replace sand", "particle minecraft:example_flipbook ~ ~ ~", "particle minecraft:example_flipbook ~ ~1.5 ~", "playsound mob.wither.ambient @a[r=16] ~ ~1 ~ 2 0.6", "kill @s" ] }
          }
        ]
      },
      "wish_2": {
        "randomize": [
          {
            "weight": 975,
            "run_command": { "command": [ "particle minecraft:example_flipbook ~ ~ ~", "kill @s" ] }
          },
          {
            "weight": 25,
            "run_command": { "command": [ "structure load ultra_instinct_sword ~ ~1 ~", "fill ~15 ~10 ~15 ~-15 ~-15 ~-15 concretepowder 0 replace sand", "particle minecraft:example_flipbook ~ ~ ~", "particle minecraft:example_flipbook ~ ~1.5 ~", "playsound mob.wither.ambient @a[r=16] ~ ~1 ~ 2 0.6", "kill @s" ] }
          }
        ]
      },
      "respawn_event_1": {
        "run_command": { "command": [ "structure load bedrock_sword ~ ~1 ~", "kill @s" ] }
      },
      "despawn_event_1": {
        "run_command": { "command": [ "particle minecraft:example_linearcurve ~ ~ ~", "playsound mob.endermen.death @a[r=16] ~ ~ ~ 1 0.5", "kill @s" ] }
      },
      "despawn_event_2": {
        "run_command": { "command": [ "particle minecraft:example_linearcurve ~ ~ ~", "playsound mob.wither.death @a[r=16] ~ ~ ~ 1 0.5", "kill @s" ] }
      },
      "despawn_event_3": {
        "run_command": { "command": [ "particle minecraft:example_linearcurve ~ ~ ~", "summon lightning_bolt ~~~ default_lightning_bolt" ] }
      },
      "despawn_event_4": {
        "run_command": { "command": [ "fill ~~~ ~~~ flowing_water 0 replace air", "fill ~~~ ~~~ flowing_water 0 replace fire", "fill ~~~ ~~~ flowing_water 0 replace lava", "playsound random.fizz @a[r=12] ~ ~ ~ 0.6", "particle minecraft:cauldron_explosion_emitter ~ ~ ~", "kill @s" ] }
      },
      "despawn_event_5": {
        "run_command": { "command": [ "summon entity:instant_giant_explode", "kill @s" ] }
      },
      "despawn_event_6": {
        "run_command": { "command": [ "summon entity:ultra_instinct_explode", "kill @s" ] }
      },
      "delete_fire_blocks": {
        "run_command": { "command": [ "fill ~2 ~2 ~2 ~-2 ~-2 ~-2 air 0 replace fire" ] }
      },
      "fading_fire_sword": {
        "sequence": [
          {
           "filters": { "test": "is_family", "operator": "!=", "value": "fire_sword" },
           "add": { "component_groups": [ "fire_sword" ] }
          },
          {
            "run_command": { "command": [ "playsound random.fizz @a[r=12] ~ ~ ~ 0.6", "particle minecraft:cauldron_explosion_emitter ~ ~ ~" ] }
          }
        ] 
      },
      "stop_fire_sword": { "remove": { "component_groups": [ "fire_sword" ] } },
      "fire_sword_event_1": { "run_command": { "command": [ "structure load obsidian_sword ~ ~ ~", "playsound random.fizz @a[r=12] ~ ~ ~", "kill @s" ] } },
      "fire_sword_event_2": { "run_command": { "command": [ "playsound random.fizz @a[r=12] ~ ~ ~ 0.6", "particle minecraft:cauldron_explosion_emitter ~ ~ ~", "structure load glass_sword ~ ~ ~", "kill @s" ] } },
      "fire_sword_event_3": {
        "sequence": [
          {
            "filters": { "test": "has_tag", "value": "fire_sword" },
            "run_command": {
              "command": [
                "particle minecraft:mobflame_single ~ ~0.3 ~",
                "particle minecraft:mobflame_single ~1 ~0.3 ~",
                "particle minecraft:mobflame_single ~ ~0.3 ~1",
                "particle minecraft:mobflame_single ~-1 ~0.3 ~",
                "particle minecraft:mobflame_single ~ ~0.3 ~-1",
                "particle minecraft:mobflame_single ~1 ~0.3 ~1",
                "particle minecraft:mobflame_single ~-1 ~0.3 ~-1",
                "particle minecraft:mobflame_single ~1 ~0.3 ~-1",
                "particle minecraft:mobflame_single ~-1 ~0.3 ~1",
                "summon entity:living_flame",
                "summon entity:living_flame",
                "summon entity:living_flame",
                "summon entity:living_flame",
                "summon entity:living_flame",
                "playsound mob.wither.spawn @a[r=16] ~ ~ ~ 1 2",
                "kill @s"
              ] 
            }
          }
        ]
      }
    }
  }
}