{
  "format_version": "1.8.0",
  "minecraft:entity": {
    "description": {
      "identifier": "minecraft:lightning_bolt",
      "is_spawnable": false,
      "is_summonable": true,
      "is_experimental": false
    },
    "component_groups": {
      "default_lightning_bolt": {
        "minecraft:type_family": { "family":[ "lightning" ]
        }
      },
      "spawn_centella": {
        "minecraft:timer": {
          "time": [ 0, 0 ], 
          "looping": false,
          "time_down_event": { 
            "event": "spawn_centella", 
            "target": "self" 
          }
        }
      }
    },
    "components": {
      "minecraft:type_family": { "family":[ "lightning" ]
      }
    },
    "events": {
      "minecraft:entity_spawned": {
        "sequence": [
          {
            "add": { "component_groups": [ "spawn_centella" ] }
          }
        ]
      },
      "spawn_centella": {
        "randomize": [
          {
            "weight": 80
          },
          {
            "weight": 20,
            "run_command": { "command": [ "summon entity:centella ~ ~1 ~" ] }
          }
        ]
      },
      "default_lightning_bolt": {
        "add": { "component_groups": [ "default_lightning_bolt" ] }
      }
    }
  }
}
