{
  "format_version": "1.13.0",
  "minecraft:entity": {
    "description": {
      "identifier": "entity:mountable_slime",
      "runtime_identifier": "minecraft:slime",
      "is_spawnable": false,
      "is_summonable": true,
      "is_experimental": false,
      "scripts": {
        "animate": [ "despawn" ]
      },
      "animations": {
        "despawn": "controller.animation.despawn"
      }
    },    
    "component_groups": {
      "minecraft:slime_large": {
        "minecraft:type_family": { "family": [ "effect99_entities", "slime3" ] },
        "minecraft:rideable": { "crouching_skip_interact": true, "seat_count": 1, "family_types": [ "player" ], "seats": { "position": [ 0.0, 1.9, 0.0 ] } },
        "minecraft:collision_box": {
          "width": 0.4,
          "height": 0.0
        },
        "minecraft:movement": {
          "value": 0.25
        },
        "minecraft:scale": { "value": 0.4 }
      },
      "minecraft:slime_medium": {
        "minecraft:type_family": { "family": [ "effect99_entities", "slime2" ] },
        "minecraft:rideable": { "crouching_skip_interact": true, "seat_count": 1, "family_types": [ "player" ], "seats": { "position": [ 0.0, 0.9, 0.0 ] } },
        "minecraft:collision_box": {
          "width": 0.4,
          "height": 0.0
        },
        "minecraft:movement": {
          "value": 0.25
        },
        "minecraft:scale": { "value": 0.8 }
      },
      "minecraft:slime_small": {
        "minecraft:type_family": { "family": [ "effect99_entities", "slime1" ] },
        "minecraft:rideable": { "crouching_skip_interact": true, "seat_count": 1, "family_types": [ "player" ], "seats": { "position": [ 0.0, 0.46, 0.0 ] } },
        "minecraft:collision_box": {
          "width": 0.4,
          "height": 0.0
        },
        "minecraft:movement": {
          "value": 0.25
        },
        "minecraft:scale": { "value": 1.5 }
      },
      "despawn": {
        "minecraft:despawn": {}
      }
    },
    "components": {
      "minecraft:behavior.slime_float": { "priority": 1 },
      "minecraft:behavior.slime_keep_on_jumping": { "priority": 5 },
      "minecraft:movement": { "value": 0.25 },
      "minecraft:movement.jump": { "jump_delay": [ 0.16, 0.5 ] },
      "minecraft:navigation.walk": { "can_path_over_water": true },
      "minecraft:jump.static": {},
      "minecraft:can_climb": {},
      "minecraft:type_family": { "family": [ "effect99_entities" ] },
      "minecraft:health": { "value": 1 },
      "minecraft:collision_box": { "width": 0.6, "height": 0.0 },
      "minecraft:physics": {},
      "minecraft:rideable": { "crouching_skip_interact": true, "seat_count": 1, "family_types": [ "player" ], "seats": { "position": [ 0.0, 0.35, 0.0 ] } },
      "minecraft:input_ground_controlled": {},
      "minecraft:behavior.controlled_by_player": { "priority": 0 },
      "minecraft:can_power_jump": {},
      "minecraft:horse.jump_strength": { "value": { "range_min": 0.8, "range_max": 2.0 }
      },
      "minecraft:damage_sensor": {
        "triggers": [
          {
            "on_damage": {  "filters": { "all_of": [ { "test": "has_damage", "subject": "self", "value": "fall" } ] },
              "event": "fall_damage"
            },
            "deals_damage": false
          },
          {
            "on_damage": {  "filters": { "all_of": [ { "test": "has_damage", "subject": "self" } ] }
            },
            "deals_damage": false
          }
        ]
      }
    },
    "events": {
      "minecraft:despawn": { "add": { "component_groups": [ "despawn" ] }
      },
      "fall_damage": { "run_command": { "command": [ "effect @e[r=1,family=!slime_sword] instant_damage 1 1 true" ] } }
    }
  }
}