{
  "format_version": "1.12.0",
 "minecraft:entity": {
  "description": {
    "identifier": "minecraft:small_fireball",
    "is_spawnable": false,
    "is_summonable": false,
    "is_experimental": false
  },
  "component_groups": {
    "shot_by_the_blaze": {
    "minecraft:type_family": { "family": [ "small_fireball", "shot_by_the_blaze" ] }
   },
   "gravity_enable": {
    "minecraft:projectile": {
    "on_hit": {
      "impact_damage": {
        "damage": 5,
        "knockback": false,
        "catch_fire": true,
        "semi_random_diff_damage": false
      },
      "catch_fire": {
        "fire_affected_by_griefing": true
      },
      "remove_on_hit": { }
    },
    "power": 1.3,
    "gravity": 0.02,
    "inertia": 1,
    "liquid_inertia": 1,
    "anchor": 2,
    "offset": [ 0, 0.5, 0 ],
    "semi_random_diff_damage": true,
    "uncertainty_base": 10.0,
    "reflect_on_hurt": true
    }
   },
   "minecraft:inertia_disable": {
    "minecraft:projectile": {
    "on_hit": {
      "impact_damage": {
        "damage": 5,
        "knockback": false,
        "catch_fire": true,
        "semi_random_diff_damage": false
      },
      "catch_fire": {
        "fire_affected_by_griefing": true
      },
      "remove_on_hit": { }
    },
    "power": 0,
    "gravity": 0.06,
    "inertia": 0,
    "liquid_inertia": 0,
    "anchor": 0,
    "offset": [ 0, 0.0, 0 ],
    "semi_random_diff_damage": false,
    "uncertainty_base": 0,
    "reflect_on_hurt": false
    }
   }
  },
  "components": {
   "minecraft:type_family": { "family": [ "small_fireball" ] },
   "minecraft:collision_box": {
    "width": 0.31,
    "height": 0.31
   },
   "minecraft:projectile": {
    "on_hit": {
      "impact_damage": {
        "damage": 5,
        "knockback": false,
        "catch_fire": true,
        "semi_random_diff_damage": false
      },
      "catch_fire": {
        "fire_affected_by_griefing": true
      },
      "remove_on_hit": { }
    },
    "power": 1.3,
    "gravity": 0.00,
    "inertia": 1,
    "liquid_inertia": 1,
    "anchor": 2,
    "offset": [ 0, 0.5, 0 ],
    "semi_random_diff_damage": true,
    "uncertainty_base": 10.0,
    "reflect_on_hurt": true
   },
   "minecraft:physics": {
   },
   "minecraft:pushable": {
    "is_pushable": true,
    "is_pushable_by_piston": true
   }
  },
  "events": {
    "minecraft:entity_spawned": {
    "sequence": [
      {
      "filters": {"test": "is_family", "subject": "player"},
      "add": {
       "component_groups": [
        "gravity_enable"
       ]
      }
     },
     {
      "filters": { "test": "is_family", "subject": "other", "value": "player" },
      "add": {
       "component_groups": [ "gravity_enable" ]
      },
      "run_command": {
       "command": [
        "playsound mob.ghast.fireball @a[r=12] ~ ~ ~"
       ]
      }
     },
     {
      "filters": { "test": "is_family", "subject": "other", "value": "blaze" },
      "add": {
       "component_groups": [ "shot_by_the_blaze" ]
      }
     },
     {
      "filters": { "test": "is_family", "subject": "other", "value": "fire_sword_skill" },
      "add": {
       "component_groups": [ "gravity_enable" ]
      },
      "run_command": {
       "command": [
        "playsound mob.ghast.fireball @a[r=18] ~ ~ ~"
       ]
      }
     }
    ]
   },
   "minecraft:inertia_disable": {
    "remove": {
      "component_groups": [ "shot_by_the_blaze" ]
    },
    "add": {
     "component_groups": [ "minecraft:inertia_disable" ]
    }
   }
  }
 }
}