{
  "format_version": "1.8.0",
  "render_controllers": {
    "controller.render.ultra_instinct_aura": {
      "textures": [
        "Texture.ultra_instinct_aura"
      ],
      "geometry": "Geometry.ultra_instinct_aura",
      "materials": [
        {
          "*": "Material.ultra_instinct_aura"
        }
      ],
      "overlay_color": {
          "r": 1.0,
          "g": 1.0,
          "b": 1.0,
          "a": 1.0
      },
      "light_color_multiplier": 0.2,
      "filter_lighting": true,
      "ignore_lighting": true
    }
  }
}