{
  "format_version": "1.8.0",
  "render_controllers": {
		"controller.render.npc": {
			"arrays": {
				"textures": {
					"Array.skins": [ 
						"Texture.npc_steve",
						"Texture.npc_steve",
						"Texture.npc_steve",
						"Texture.npc_steve",
						"Texture.npc_steve",
						
						"Texture.npc_steve",
						"Texture.npc_steve",
						"Texture.npc_steve",
						"Texture.npc_steve",
						"Texture.text",
						
						"Texture.text",
						"Texture.text",
						"Texture.text",
						"Texture.text",
						"Texture.text",
						
						"Texture.text",
						"Texture.text",
						"Texture.text",
						"Texture.text",
						"Texture.text",

						"Texture.text",
						"Texture.text",
						"Texture.text",
						"Texture.text",
						"Texture.text",

						"Texture.text",
						"Texture.text",
						"Texture.text",
						"Texture.text",
						"Texture.text",
						
						"Texture.text",
						"Texture.text",
						"Texture.text",
						"Texture.text",
						"Texture.text",

						"Texture.s1",
						"Texture.s2",
						"Texture.s3",
						"Texture.s4",
						"Texture.text",

						"Texture.ac1",
						"Texture.ac2",
						"Texture.ac3",
						"Texture.ac4",
						"Texture.text"

					]
				},
                "geometries": {
                    "Array.geos": [
                        "Geometry.default",
                        "Geometry.default",
                        "Geometry.default",
                        "Geometry.default",
                        "Geometry.default",
                        
                        "Geometry.default",
                        "Geometry.default",
                        "Geometry.default",
                        "Geometry.default",
                        "Geometry.remove",
                        
                        "Geometry.walk",
                        "Geometry.run",
                        "Geometry.atcp",
                        "Geometry.atce",
                        "Geometry.atcmob",
                        
                        "Geometry.seg",
                        "Geometry.name",
                        "Geometry.stand",
                        "Geometry.look_p",
                        "Geometry.norit",

                        "Geometry.life1",
                        "Geometry.life2",
                        "Geometry.life3",
                        "Geometry.life4",
                        "Geometry.life5",

                        "Geometry.life6",
                        "Geometry.life7",
                        "Geometry.life8",
                        "Geometry.life9",
                        "Geometry.life10",

                        "Geometry.scale0.5",
                        "Geometry.scale0.7",
                        "Geometry.scale1.0",
                        "Geometry.scale1.5",
                        "Geometry.scale2.0",
                        
                        "Geometry.sword",
                        "Geometry.sword",
                        "Geometry.sword",
                        "Geometry.sword",
                        "Geometry.clear",
                        
                        "Geometry.sword",
                        "Geometry.sword",
                        "Geometry.sword",
                        "Geometry.sword",
                        "Geometry.clear"

                    ]
               }
			},
			"geometry": "Array.geos[query.variant]",
			"materials": [ { "*": "Material.default" } ],
			"textures": [ "Array.skins[query.variant]" ]
		}
	}
}
