{
  "format_version": "1.11.0",
  "minecraft:entity": {
    "description": {
      "identifier": "minecraft:player",
      "is_spawnable": false,
      "is_summonable": false,
      "is_experimental": false,
      "scripts": {
        "animate": [ "shulker_sword", "wither_sword", "wolf_sword_0", "wolf_sword_1", "wolf_sword_2", "ghost_sword" ]
      },
      "animations": {
        "shulker_sword": "controller.animation.shulker_sword",
        "wither_sword": "controller.animation.wither_sword",
        "wolf_sword_1": "controller.animation.start_wolf_sword",
        "wolf_sword_2": "controller.animation.end_wolf_sword",
        "wolf_sword_0": "controller.animation.wolf_sword",
        "ghost_sword": "controller.animation.ghost_sword"
      }
    },
    "component_groups": {
      "minecraft:shoot_tnt": {
        "minecraft:spawn_entity": [
          {
            "min_wait_time": 0,
            "max_wait_time": 0,
            "single_use": true,
            "spawn_entity": "entity:shoot_tnt",
            "num_to_spawn": 1
          }
        ]
      },
      "minecraft:shoot_arrow": {
        "minecraft:spawn_entity": [
          {
            "min_wait_time": 0,
            "max_wait_time": 0,
            "single_use": true,
            "spawn_entity": "entity:spiral_arrow",
            "num_to_spawn": 1
          }
        ]
      },
      "minecraft:shoot_snowball": {
        "minecraft:spawn_entity": [
          {
            "min_wait_time": 0,
            "max_wait_time": 0,
            "single_use": true,
            "spawn_entity": "minecraft:snowball",
            "num_to_spawn": 1
          }
        ]
      },
      "minecraft:clock_sword": {
        "minecraft:type_family": { "family": [ "player", "clock_sword" ] }
      },
      "minecraft:ghost_sword": {
        "minecraft:scale": {
          "value": 1.05
        },
        "minecraft:knockback_resistance": {
          "value": 1.0
        },
        "minecraft:collision_box": {
          "width": 0.0, "height": 0.0
        },
        "minecraft:breathable": { "total_supply": 15, "suffocate_time": 0, "inhale_time": 3.75, 
         "generates_bubbles": false, "breathes_water": true, "breathes_air": true, "breathes_lava": true
        },
        "minecraft:damage_sensor": { "triggers": { "cause": "all", "deals_damage": false }
      },
      "minecraft:type_family": { "family": [ "ghost_sword" ] }
      },
      "ghost_movement": {
        "minecraft:movement": { "value": 0.14 }
      },
      "minecraft:wolf_sword": {
        "minecraft:type_family": { "family": [ "player", "wolf_sword" ] }
      },
      "wolf_transformation": {
        "minecraft:type_family": { "family": [ "player", "wolf_sword", "wolf_transformation" ] }
      },
      "complete_wolf_transformation": {
        "minecraft:damage_sensor": {
          "triggers": [
            {
              "on_damage": {  "filters": { "all_of": [ { "test": "has_damage" } ] },
                "event": "wolf_damage_sound"
              },
              "deals_damage": true
            }
          ]
        },
        "minecraft:timer": { "time": [ 3, 6 ], "looping": true, "randomInterval": true,
          "time_down_event": { "event": "wolf_sword_sounds", "target": "self" }
        },
        "minecraft:attack": {
          "damage": 15
        },
        "minecraft:type_family": { "family": [ "wolf", "wolf_sword", "complete_wolf_transformation", "monster" ] }
      },
      "wolf_movement": {
        "minecraft:movement": { "value": 0.18 }
      },
      "minecraft:ultra_instinct_sword": {
        "minecraft:knockback_resistance": { "value": 1.0 },
        "minecraft:timer": { "time": [ 0.1, 0.2 ], "looping": true, "randomInterval": true,
        "time_down_event": { "event": "ultra_instinct_sword_effects", "target": "self" }
        },
        "minecraft:damage_sensor": {
          "triggers": [
            {
              "on_damage": {  "filters": { "all_of": [
                { "test": "has_damage", "operator": "!=", "value": "lava" },
                { "test": "has_damage", "operator": "!=", "value": "drowning" },
                { "test": "has_damage", "operator": "!=", "value": "void" },
                { "test": "has_damage", "operator": "!=", "value": "thorns" },
                { "test": "has_damage", "operator": "!=", "value": "suicide" },
                { "test": "has_damage", "operator": "!=", "value": "starve" },
                { "test": "has_damage", "operator": "!=", "value": "fire" },
                { "test": "has_damage", "operator": "!=", "value": "fire_tick" },
                { "test": "has_damage", "operator": "!=", "value": "magic" } ] },
                "event": "ultra_instinct_sword_skill"
              },
              "deals_damage": false
            },
            {
              "on_damage": {  "filters": { "test": "has_damage", "value": "fire" }
              },
              "deals_damage": false
            },
            {
              "on_damage": {  "filters": { "test": "has_damage", "value": "fire_tick" }
              },
              "deals_damage": false
            },
            {
              "on_damage": {  "filters": { "any_of": [ 
                { "test": "has_damage", "value": "block_explosion" },
                { "test": "has_damage", "value": "entity_explosion" } ] }
              },
              "deals_damage": false
            },
            {
              "on_damage": {  "filters": { "all_of": [ 
                { "test": "has_damage", "value": "lava" } ] }
              },
              "deals_damage": true
            }
          ]
        },
        "minecraft:type_family": { "family": [ "player", "ultra_instinct_sword" ] }
      },
      "ultra_instinct_sword_movement": {
        "minecraft:movement": { "value": 0.22 }
      },
      "minecraft:ender_sword": {
        "minecraft:damage_sensor": {
          "triggers": [
            {
              "on_damage": {  "filters": { "all_of": [ { "test": "has_damage", "subject": "self", "operator": "!=", "value": "projectile" } ] },
                "event": "ender_sword_skill"
              },
              "deals_damage": true
            },
            {
              "on_damage": {  "filters": { "all_of": [ { "test": "has_damage", "subject": "self", "value": "projectile" } ] },
                "event": "ender_sword_tp"
              },
              "deals_damage": false
            },
            {
              "on_damage": {  "filters": { "all_of": [ { "test": "in_water_or_rain" } ] },
                "event": "ender_sword_tp"
              },
              "deals_damage": true
            }
          ]
        },
        "minecraft:hurt_on_condition": {
          "damage_conditions": [
            {
              "filters": { "test": "in_water_or_rain" },
              "cause": "drowning",
              "damage_per_tick": 1
            }
          ]
        },
        "minecraft:type_family": { "family": [ "player", "ender_sword" ] },
        "minecraft:timer": { "time": [ 6, 18 ], "looping": true, "randomInterval": true,
        "time_down_event": { "event": "ender_sword_sound", "target": "self" }
        }
      },
      "minecraft:lightning_sword": {
        "minecraft:damage_sensor": { "triggers": { "on_damage": { "filters": { "all_of": [
         { "test": "is_family", "subject": "other", "value": "lightning" } ] } },
           "deals_damage": false }
        },
        "minecraft:type_family": { "family": [ "player", "lightning_sword" ] }
      },
      "minecraft:wither_sword": {
        "minecraft:rideable": {
          "seat_count": 1,
          "family_types": [ "entity_name" ],
          "seats": { "position": [ 0.0, 0.4, 0.0 ], "lock_rider_rotation": 0 }
        },
        "minecraft:damage_sensor": { "triggers": { "on_damage": { "filters": { "all_of": [
         { "test": "has_damage", "subject": "self", "value": "wither" } ] } },
           "deals_damage": false }
        },
        "minecraft:timer": { "time": [ 4, 18 ], "looping": true, "randomInterval": true,
          "time_down_event": { "event": "wither_sword_effects", "target": "self" }
        },
        "minecraft:type_family": { "family": [ "player", "wither_sword" ] }
      },
      "minecraft:time_sword": {
        "minecraft:movement": { "value": 1 },
        "minecraft:type_family": { "family": [ "player", "time_sword" ] }
      },
      "time_sword_movement": {
        "minecraft:movement": { "value": 1 }
      },
      "minecraft:sponge_sword": {
        "minecraft:type_family": { "family": [ "player", "sponge_sword" ] }
      },
      "minecraft:spider_sword": {
        "minecraft:type_family": { "family": [ "player", "spider_sword" ] }
      },
      "spider_sword_skill": {
        "minecraft:spawn_entity": [
          { "min_wait_time": 0, "max_wait_time": 0, "single_use": false, "spawn_entity": "entity:web", "num_to_spawn": 1 }
        ],
        "minecraft:timer": { "time": [ 2, 2 ], "looping": false,
         "time_down_event": { "event": "stop_spider_skill_event", "target": "self" }
        },
        "minecraft:type_family": { "family": [ "player", "spider_sword", "spider_sword_skill" ] }
      },
      "minecraft:shulker_sword": {
        "minecraft:scale": { "value": 1 },
        "minecraft:type_family": { "family": [ "player", "shulker_sword" ] }
      },
      "shulker_sword_skill": {
        "minecraft:scale": { "value": 0.7 },
        "minecraft:type_family": { "family": [ "player", "shulker_sword" ] }
      },
      "minecraft:slime_sword": {
        "minecraft:type_family": { "family": [ "player", "slime_sword" ] },
        "minecraft:timer": { "time": [ 0.4, 0.4 ], "looping": true,
         "time_down_event": { "event": "slime_sword_skills", "target": "self" }
        }
      },
      "minecraft:spectral_sword": {
        "minecraft:timer": { "time": [ 0.4, 0.4 ], "looping": false,
         "time_down_event": { "event": "spectral_sword_skills", "target": "self" }
        },
        "minecraft:rideable": {
          "seat_count": 1,
          "family_types": [ "ender_crystal", "spectral_sword" ],
          "seats": { "position": [ 0.0, 0.4, 0.0 ], "lock_rider_rotation": 0 }
        },
        "minecraft:type_family": { "family": [ "player", "spectral_sword" ] }
      },
      "minecraft:sea_sword": {
        "minecraft:breathable": { "total_supply": 15, "suffocate_time": -1, "inhale_time": 3.75, 
         "generates_bubbles": false, "breathes_water": true, "breathes_air": false, "breathes_lava": false
        },
        "minecraft:type_family": { "family": [ "player", "sea_sword" ] }
      },
      "minecraft:quartz_sword": {
        "minecraft:type_family": { "family": [ "player", "quartz_sword" ] }
      },
      "minecraft:obsidian_sword": {
        "minecraft:damage_sensor": { "triggers": { "on_damage": { "filters": { "any_of": [
         { "test": "has_damage", "subject": "self", "value": "block_explosion" },
         { "test": "has_damage", "subject": "self", "value": "entity_explosion" } ] } },
           "deals_damage": false }
        },
        "minecraft:type_family": { "family": [ "player", "obsidian_sword" ]
        },
        "minecraft:knockback_resistance": { "value": 1.0 }
      },
      "minecraft:lapis_sword": {
        "minecraft:type_family": { "family": [ "player", "lapis_sword" ] },
        "minecraft:timer": { "time": [ 2.5, 6.0 ], "looping": true,  "randomInterval": true,
         "time_down_event": { "event": "lapis_sword_skills", "target": "self" }
        }
      },
      "minecraft:ice_sword": {
        "minecraft:type_family": { "family": [ "player", "ice_sword" ] }
      },
      "minecraft:magma_sword": {
        "minecraft:damage_sensor": { "triggers": { "on_damage": { "filters": { "any_of": [
         { "test": "has_damage", "subject": "self", "value": "fire_tick" },
         { "test": "is_block", "subject": "block", "operator": "equals", "value": "magma" } ] } },
           "deals_damage": false }
        },
        "minecraft:type_family": { "family": [ "player", "magma_sword" ] }
      },
      "minecraft:jungle_sword": {
        "minecraft:type_family": { "family": [ "player", "jungle_sword" ] },
        "minecraft:health": { "value": 8, "max": 8 }
      },
      "minecraft:grass_sword": {
        "minecraft:type_family": { "family": [ "player", "grass_sword" ] },
        "minecraft:timer": { "time": [ 0.2, 0.2 ], "looping": true,
         "time_down_event": { "event": "grass_sword_skills", "target": "self" }
        }
      },
      "minecraft:fire_sword": {
        "minecraft:timer": { "time": [ 0.2, 0.7 ], "looping": true, "randomInterval": true,
         "time_down_event": { "event": "fire_sword_sound", "target": "self" }
        },
        "minecraft:damage_sensor": { "triggers": { "on_damage": { "filters": { "any_of": [ 
         { "test": "has_damage", "subject": "self", "value": "fire" },
         { "test": "has_damage", "subject": "self", "value": "fire_tick" } ] } },
           "deals_damage": false }
        },
        "minecraft:type_family": { "family": [ "player", "fire_sword" ] }
      },
      "minecraft:emerald_sword": {
        "minecraft:type_family": { "family": [ "player", "emerald_sword" ] }
      },
      "start_player_explode_event": {
        "minecraft:movement": { "value": 0.0 },
        "minecraft:timer": { "time": [ 1.5, 1.5 ], "looping": true,
        "time_down_event": { "event": "start_player_explode", "target": "self" }
        }
      },
      "minecraft:cactus_sword": {
        "minecraft:type_family": { "family": [ "player", "cactus_sword" ] },
        "minecraft:timer": { "time": [ 0.5, 0.5 ], "looping": true,
        "time_down_event": { "event": "cactus_sword_skills", "target": "self" }
        }
      },
      "minecraft:bone_sword": {
        "minecraft:type_family": { "family": [ "player", "bone_sword" ] },
        "minecraft:timer": { "time": [ 1, 1 ], "looping": true,
        "time_down_event": { "event": "bone_sword_skills", "target": "self" }
        }
      },
      "minecraft:blaze_sword": {
        "minecraft:type_family": { "family": [ "player", "blaze_sword" ] },
        "minecraft:timer": { "time": [ 1, 1 ], "looping": true,
        "time_down_event": { "event": "blaze_sword_effects", "target": "self" }
        }
      },
      "ultra_instinct_projectile": {
        "minecraft:spawn_entity": [ { "min_wait_time": 0, "max_wait_time": 0, "single_use": true, "spawn_entity": "entity:ultra_instinct_projectile", "num_to_spawn": 1 } ]
      },
      "minecraft:default_player": {
        "minecraft:physics": {
        "has_gravity": true,
        "has_collision": true
        },
        "minecraft:scale": { 
          "value": 1 
        },
        "minecraft:attack": {
          "damage": 1
        },
        "minecraft:collision_box": {
          "width": 0.6,
          "height": 1.8
        },
        "minecraft:type_family": {
          "family": [ "player", "default_player" ]
        },
        "minecraft:movement": {
          "value": 0.1
        },
        "minecraft:health": {
          "value": 20,
          "max": 20
        },
        "minecraft:breathable": {
        "total_supply": 15,
        "suffocate_time": -1,
        "inhale_time": 3.75,
        "generates_bubbles": false
        },
        "minecraft:rideable": {
        "seat_count": 2,
        "family_types": [
          "parrot_tame"
        ],
        "pull_in_entities": true,
          "seats": [
            {
              "position": [ 0.4, -0.2, -0.1 ],
              "min_rider_count": 0,
              "max_rider_count": 0,
              "lock_rider_rotation": 0
            },
            {
              "position": [ -0.4, -0.2, -0.1 ],
              "min_rider_count": 1,
              "max_rider_count": 2,
              "lock_rider_rotation": 0
            }
          ]
        }
      },
      "despawn": { "minecraft:despawn": {}
      },
      "minecraft:add_bad_omen": {
        "minecraft:spell_effects": {
          "add_effects": [
            {
              "effect": "bad_omen",
              "duration": 6000,
              "display_on_screen_animation": true
            }
          ]
        },
        "minecraft:timer": {
          "time": [ 0.0, 0.0 ],
          "looping": false,
          "time_down_event": {
            "event": "minecraft:clear_add_bad_omen",
            "target": "self"
          }
        }
      },
      "minecraft:clear_bad_omen_spell_effect": {
        "minecraft:spell_effects": {
        }
      },
      "minecraft:raid_trigger": {
        "minecraft:raid_trigger": {
          "triggered_event": {
            "event": "minecraft:remove_raid_trigger",
            "target": "self"
          }
        },
        "minecraft:spell_effects": {
          "remove_effects": "bad_omen"
        }
      }
    },
    "components": {
      "minecraft:experience_reward": {
        "on_death": "Math.Min(query.player_level * 7, 100)"
      },
      "minecraft:type_family": {
        "family": [ "player", "default_player" ]
      },
      "minecraft:is_hidden_when_invisible": {
      },
      "minecraft:loot": {
        "table": "loot_tables/empty.json"
      },
      "minecraft:collision_box": {
        "width": 0.6,
        "height": 1.8
      },
      "minecraft:can_climb": {
      },
      "minecraft:movement": {
        "value": 0.1
      },
      "minecraft:hurt_on_condition": {
        "damage_conditions": [
          {
            "filters": { "test": "in_lava", "subject": "self", "operator": "==", "value": true },
            "cause": "lava",
            "damage_per_tick": 4
          }
        ]
      },
      "minecraft:attack": {
        "damage": 1
      },
      "minecraft:player.saturation": {
        "value": 20
      },
      "minecraft:player.exhaustion": {
        "value": 0,
        "max": 4
      },
      "minecraft:player.level": {
        "value": 0,
        "max": 24791
      },
      "minecraft:player.experience": {
        "value": 0,
        "max": 1
      },
      "minecraft:breathable": {
        "total_supply": 15,
        "suffocate_time": -1,
        "inhale_time": 3.75,
        "generates_bubbles": false
      },
      "minecraft:nameable": {
        "always_show": true,
        "allow_name_tag_renaming": false
      },
      "minecraft:physics": {
      },
      "minecraft:pushable": {
        "is_pushable": false,
        "is_pushable_by_piston": true
      },
      "minecraft:insomnia": {
        "days_until_insomnia": 3
      },
      "minecraft:rideable": {
        "seat_count": 2,
        "family_types": [
          "parrot_tame"
        ],
        "pull_in_entities": true,
        "seats": [
          {
            "position": [ 0.4, -0.2, -0.1 ],
            "min_rider_count": 0,
            "max_rider_count": 0,
            "lock_rider_rotation": 0
          },
          {
            "position": [ -0.4, -0.2, -0.1 ],
            "min_rider_count": 1,
            "max_rider_count": 2,
            "lock_rider_rotation": 0
          }
        ]
      },
      "minecraft:scaffolding_climber": {},
      "minecraft:environment_sensor": [
        {
         "on_environment": {
           "filters": {
             "all_of": [
               {
                 "test": "has_mob_effect",
                 "subject": "self",
                 "value": "bad_omen"
               },
               {
                 "test": "is_in_village",
                 "subject": "self",
                 "value": true
               }
             ]
           },
           "event": "minecraft:trigger_raid"
          }
        },
        {
          "on_environment": {
            "filters": { "all_of": [ { "test": "has_tag", "operator": "==", "value": "shoot_snowball" } ] 
            },
            "event": "minecraft:shoot_snowball"
          }
        },
        {
          "on_environment": {
            "filters": { "all_of": [ { "test": "has_tag", "operator": "==", "value": "shoot_arrow" } ]
            },
            "event": "minecraft:shoot_arrow"
          }
        },
        {
          "on_environment": {
            "filters": {  "test": "is_family", "operator": "!=", "value": "null" },
            "event": "minecraft:constant_events"
          }
        },
        {
          "on_environment": {
            "filters": { "any_of": [ { "test": "is_family", "subject": "self", "value": "default_player" }, { "test": "is_family", "subject": "self", "operator": "!=", "value": "spectral_sword" } ] 
            },
            "event": "minecraft:stop_sword_events"
          }
        },
        {
          "on_environment": {
            "filters": { "all_of": [ { "test": "has_equipment", "subject": "self", "domain": "hand", "value": "effect:blaze_sword" } ] 
            },
            "event": "minecraft:blaze_sword"
          }
        },
        {
          "on_environment": {
            "filters": { "all_of": [ { "test": "has_equipment", "subject": "self", "domain": "hand", "operator": "!=", "value": "effect:blaze_sword" } ] 
            },
            "event": "stop_blaze_sword_event"
          }
        },
        {
          "on_environment": {
            "filters": { "all_of": [ { "test": "has_equipment", "subject": "self", "domain": "hand", "value": "effect:bone_sword" } ] 
            },
            "event": "minecraft:bone_sword"
          }
        },
        {
          "on_environment": {
            "filters": { "all_of": [ { "test": "has_equipment", "subject": "self", "domain": "hand", "operator": "!=", "value": "effect:bone_sword" } ] 
            },
            "event": "stop_bone_sword_event"
          }
        },
        {
          "on_environment": {
            "filters": { "all_of": [ { "test": "has_equipment", "subject": "self", "domain": "hand", "value": "effect:cactus_sword" } ] 
            },
            "event": "minecraft:cactus_sword"
          }
        },
        {
          "on_environment": {
            "filters": { "all_of": [ { "test": "has_equipment", "subject": "self", "domain": "hand", "operator": "!=", "value": "effect:cactus_sword" } ] 
            },
            "event": "stop_cactus_sword_event"
          }
        },
        {
          "on_environment": {
            "filters": { "all_of": [ { "test": "has_equipment", "subject": "self", "domain": "hand", "value": "effect:emerald_sword" } ] 
            },
            "event": "minecraft:emerald_sword"
          }
        },
        {
          "on_environment": {
            "filters": { "all_of": [ { "test": "has_equipment", "subject": "self", "domain": "hand", "operator": "!=", "value": "effect:emerald_sword" } ] 
            },
            "event": "stop_emerald_sword_event"
          }
        },
        {
          "on_environment": {
            "filters": { "all_of": [ { "test": "has_equipment", "subject": "self", "domain": "hand", "value": "effect:fire_sword" } ] 
            },
            "event": "minecraft:fire_sword"
          }
        },
        {
          "on_environment": {
            "filters": { "all_of": [ { "test": "has_equipment", "subject": "self", "domain": "hand", "operator": "!=", "value": "effect:fire_sword" } ] 
            },
            "event": "stop_fire_sword_event"
          }
        },
        {
          "on_environment": {
            "filters": { "all_of": [ { "test": "has_equipment", "subject": "self", "domain": "hand", "value": "effect:grass_sword" } ] 
            },
            "event": "minecraft:grass_sword"
          }
        },
        {
          "on_environment": {
            "filters": { "all_of": [ { "test": "has_equipment", "subject": "self", "domain": "hand", "operator": "!=", "value": "effect:grass_sword" } ] 
            },
            "event": "stop_grass_sword_event"
          }
        },
        {
          "on_environment": {
            "filters": { "all_of": [ { "test": "has_equipment", "subject": "self", "domain": "hand", "value": "effect:jungle_sword" } ] 
            },
            "event": "minecraft:jungle_sword"
          }
        },
        {
          "on_environment": {
            "filters": { "all_of": [ { "test": "has_equipment", "subject": "self", "domain": "hand", "operator": "!=", "value": "effect:jungle_sword" } ] 
            },
            "event": "stop_jungle_sword_event"
          }
        },
        {
          "on_environment": {
            "filters": { "all_of": [ { "test": "has_equipment", "subject": "self", "domain": "hand", "value": "effect:magma_sword" } ] 
            },
            "event": "minecraft:magma_sword"
          }
        },
        {
          "on_environment": {
            "filters": { "all_of": [ { "test": "has_equipment", "subject": "self", "domain": "hand", "operator": "!=", "value": "effect:magma_sword" } ] 
            },
            "event": "stop_magma_sword_event"
          }
        },
        {
          "on_environment": {
            "filters": { "all_of": [ { "test": "has_equipment", "subject": "self", "domain": "hand", "value": "effect:ice_sword" } ] 
            },
            "event": "minecraft:ice_sword"
          }
        },
        {
          "on_environment": {
            "filters": { "all_of": [ { "test": "has_equipment", "subject": "self", "domain": "hand", "operator": "!=", "value": "effect:ice_sword" } ] 
            },
            "event": "stop_ice_sword_event"
          }
        },
        {
          "on_environment": {
            "filters": { "all_of": [ { "test": "has_equipment", "subject": "self", "domain": "hand", "value": "effect:lapis_sword" } ] 
            },
            "event": "minecraft:lapis_sword"
          }
        },
        {
          "on_environment": {
            "filters": { "all_of": [ { "test": "has_equipment", "subject": "self", "domain": "hand", "operator": "!=", "value": "effect:lapis_sword" } ] 
            },
            "event": "stop_lapis_sword_event"
          }
        },
        {
          "on_environment": {
            "filters": { "all_of": [ { "test": "has_equipment", "subject": "self", "domain": "hand", "value": "effect:obsidian_sword" } ] 
            },
            "event": "minecraft:obsidian_sword"
          }
        },
        {
          "on_environment": {
            "filters": { "all_of": [ { "test": "has_equipment", "subject": "self", "domain": "hand", "operator": "!=", "value": "effect:obsidian_sword" } ] 
            },
            "event": "stop_obsidian_sword_event"
          }
        },
        {
          "on_environment": {
            "filters": { "all_of": [ { "test": "has_equipment", "subject": "self", "domain": "hand", "value": "effect:quartz_sword" } ] 
            },
            "event": "minecraft:quartz_sword"
          }
        },
        {
          "on_environment": {
            "filters": { "all_of": [ { "test": "has_equipment", "subject": "self", "domain": "hand", "operator": "!=", "value": "effect:quartz_sword" } ] 
            },
            "event": "stop_quartz_sword_event"
          }
        },
        {
          "on_environment": {
            "filters": { "all_of": [ { "test": "has_equipment", "subject": "self", "domain": "hand", "value": "effect:sea_sword" } ] 
            },
            "event": "minecraft:sea_sword"
          }
        },
        {
          "on_environment": {
            "filters": { "all_of": [ { "test": "has_equipment", "subject": "self", "domain": "hand", "operator": "!=", "value": "effect:sea_sword" } ] 
            },
            "event": "stop_sea_sword_event"
          }
        },
        {
          "on_environment": {
            "filters": { "all_of": [ { "test": "has_equipment", "subject": "self", "domain": "hand", "value": "effect:spectral_sword" } ] 
            },
            "event": "minecraft:spectral_sword"
          }
        },
        {
          "on_environment": {
            "filters": { "all_of": [ { "test": "has_equipment", "subject": "self", "domain": "hand", "operator": "!=", "value": "effect:spectral_sword" } ] 
            },
            "event": "stop_spectral_sword_event"
          }
        },
        {
          "on_environment": {
            "filters": { "all_of": [ { "test": "has_equipment", "subject": "self", "domain": "hand", "value": "effect:slime_sword" } ] 
            },
            "event": "minecraft:slime_sword"
          }
        },
        {
          "on_environment": {
            "filters": { "all_of": [ { "test": "has_equipment", "subject": "self", "domain": "hand", "operator": "!=", "value": "effect:slime_sword" } ] 
            },
            "event": "stop_slime_sword_event"
          }
        },
        {
          "on_environment": {
            "filters": { "all_of": [ { "test": "has_equipment", "subject": "self", "domain": "hand", "value": "effect:shulker_sword" } ] 
            },
            "event": "minecraft:shulker_sword"
          }
        },
        {
          "on_environment": {
            "filters": { "all_of": [ { "test": "has_equipment", "subject": "self", "domain": "hand", "operator": "!=", "value": "effect:shulker_sword" } ]
            },
            "event": "stop_shulker_sword_event"
          }
        },
        {
          "on_environment": {
            "filters": { "all_of": [ { "test": "has_equipment", "subject": "self", "domain": "hand", "value": "effect:spider_sword" } ] 
            },
            "event": "minecraft:spider_sword"
          }
        },
        {
          "on_environment": {
            "filters": { "all_of": [ { "test": "has_equipment", "subject": "self", "domain": "hand", "operator": "!=", "value": "effect:spider_sword" } ] 
            },
            "event": "stop_spider_sword_event"
          }
        },
        {
          "on_environment": {
            "filters": { "all_of": [ { "test": "has_equipment", "subject": "self", "domain": "hand", "value": "effect:sponge_sword" } ] 
            },
            "event": "minecraft:sponge_sword"
          }
        },
        {
          "on_environment": {
            "filters": { "all_of": [ { "test": "has_equipment", "subject": "self", "domain": "hand", "operator": "!=", "value": "effect:sponge_sword" } ] 
            },
            "event": "stop_sponge_sword_event"
          }
        },
        {
          "on_environment": {
            "filters": { "all_of": [ { "test": "has_equipment", "subject": "self", "domain": "hand", "value": "effect:time_sword" } ] 
            },
            "event": "minecraft:time_sword"
          }
        },
        {
          "on_environment": {
            "filters": { "all_of": [ { "test": "has_equipment", "subject": "self", "domain": "hand", "operator": "!=", "value": "effect:time_sword" } ] 
            },
            "event": "stop_time_sword_event"
          }
        },
        {
          "on_environment": {
            "filters": { "all_of": [ { "test": "has_equipment", "subject": "self", "domain": "hand", "value": "effect:wither_sword" } ] 
            },
            "event": "minecraft:wither_sword"
          }
        },
        {
          "on_environment": {
            "filters": { "all_of": [ { "test": "has_equipment", "subject": "self", "domain": "hand", "operator": "!=", "value": "effect:wither_sword" } ] 
            },
            "event": "stop_wither_sword_event"
          }
        },
        {
          "on_environment": {
            "filters": { "all_of": [ { "test": "has_equipment", "subject": "self", "domain": "hand", "value": "effect:glowstone_sword" } ] 
            },
            "event": "minecraft:glowstone_sword"
          }
        },
        {
          "on_environment": {
            "filters": { "all_of": [ { "test": "has_equipment", "subject": "self", "domain": "hand", "value": "effect:lightning_sword" } ] 
            },
            "event": "minecraft:lightning_sword"
          }
        },
        {
          "on_environment": {
            "filters": { "all_of": [ { "test": "has_equipment", "subject": "self", "domain": "hand", "operator": "!=", "value": "effect:lightning_sword" } ] 
            },
            "event": "stop_lightning_sword_event"
          }
        },
        {
          "on_environment": {
            "filters": { "all_of": [ { "test": "has_equipment", "subject": "self", "domain": "hand", "value": "effect:ender_sword" } ] 
            },
            "event": "minecraft:ender_sword"
          }
        },
        {
          "on_environment": {
            "filters": { "all_of": [ { "test": "has_equipment", "subject": "self", "domain": "hand", "operator": "!=", "value": "effect:ender_sword" } ] 
            },
            "event": "stop_ender_sword_event"
          }
        },
        {
          "on_environment": {
            "filters": { "all_of": [ { "test": "has_equipment", "subject": "self", "domain": "hand", "value": "effect:ultra_instinct_sword" } ] 
            },
            "event": "minecraft:ultra_instinct_sword"
          }
        },
        {
          "on_environment": {
            "filters": { "all_of": [ { "test": "has_equipment", "subject": "self", "domain": "hand", "operator": "!=", "value": "effect:ultra_instinct_sword" } ] 
            },
            "event": "stop_ultra_instinct_sword_event"
          }
        },
        {
          "on_environment": {
            "filters": { "all_of": [ { "test": "has_equipment", "subject": "self", "domain": "hand", "value": "effect:wolf_sword" } ] 
            },
            "event": "minecraft:wolf_sword"
          }
        },
        {
          "on_environment": {
            "filters": { "all_of": [ { "test": "has_equipment", "subject": "self", "domain": "hand", "operator": "!=", "value": "effect:wolf_sword" } ] 
            },
            "event": "stop_wolf_sword_event"
          }
        },
        {
          "on_environment": {
            "filters": { "all_of": [ { "test": "is_family", "value": "wolf_transformation" } ]
            },
            "event": "starting_wolf_transformation"
          }
        },
        {
          "on_environment": {
            "filters": { "all_of": [ { "test": "is_family", "value": "complete_wolf_transformation" } ]
            },
            "event": "wolf_movement"
          }
        },
        {
          "on_environment": {
            "filters": { "all_of": [ { "test": "has_equipment", "subject": "self", "domain": "hand", "value": "effect:ghost_sword" } ] 
            },
            "event": "minecraft:ghost_sword"
          }
        },
        {
          "on_environment": {
            "filters": { "all_of": [ { "test": "has_equipment", "subject": "self", "domain": "hand", "operator": "!=", "value": "effect:ghost_sword" } ] 
            },
            "event": "stop_ghost_sword_event"
          }
        },
        {
          "on_environment": {
            "filters": { "all_of": [ { "test": "has_equipment", "subject": "self", "domain": "hand", "value": "effect:clock_sword" } ] 
            },
            "event": "minecraft:clock_sword"
          }
        },
        {
          "on_environment": {
            "filters": { "all_of": [ { "test": "has_equipment", "subject": "self", "domain": "hand", "operator": "!=", "value": "effect:clock_sword" } ] 
            },
            "event": "stop_clock_sword_event"
          }
        }
      ]
    },
    "events": {
      "minecraft:shoot_snowball": {
        "add": {
          "component_groups": [
            "minecraft:shoot_snowball"
          ]
        },
        "run_command": {
          "command": [
            "function spiral_sword_events",
            "playsound random.bow @a[r=10] ~ ~ ~ 1 0.4"
          ]
        }
      },
      "minecraft:shoot_arrow": {
        "add": {
          "component_groups": [
            "minecraft:shoot_arrow"
          ]
        },
        "run_command": {
          "command": [
            "function spiral_sword_events",
            "playsound random.bow @a[r=10] ~ ~ ~ 1"
          ]
        }
      },
      "minecraft:shoot_tnt": {
        "add": {
          "component_groups": [
            "minecraft:shoot_tnt"
          ]
        },
        "remove": {
          "component_groups": [
            "minecraft:shoot_tnt"
          ]
        }
      },
      "minecraft:constant_events": {
        "sequence": [
          {
            "run_command": { "command": [
              "gamerule sendcommandfeedback false",
              "gamerule commandblockoutput false",
              "scoreboard objectives add Effect99 dummy",
              "scoreboard players add @s Effect99 1",
              "title @s[scores={Effect99=12000}] actionbar §l§fCreated by §gEffect99",
              "scoreboard players set @s[scores={Effect99=36001}] Effect99 1" ] }
          }
        ]
      },
      "minecraft:stop_sword_events": {
        "sequence": [
          {
            "run_command": { "command": [ "execute @e[r=64,type=!player] ~ ~ ~ detect ~ ~ ~ ice 0 tp @s ~ ~ ~" ] }
          },
          {
            "filters": { "all_of": [ 
            { "test": "has_biome_tag", "operator":"!=", "value": "nether" },
            { "test": "has_biome_tag", "operator":"!=", "value": "the_end" } ] },
            "run_command": {
              "command": [  
                "fill ~6 ~6 ~6 ~-6 ~-6 ~-6 stone 0 replace effect99:spectral_block",
                "fill ~7 ~8 ~8 ~8 ~-8 ~-8 stone 0 replace effect99:spectral_block",
                "fill ~-7 ~-8 ~-8 ~-8 ~8 ~8 stone 0 replace effect99:spectral_block",
                "fill ~-6 ~8 ~7 ~6 ~-8 ~8 stone 0 replace effect99:spectral_block",
                "fill ~6 ~-8 ~-7 ~-6 ~8 ~-8 stone 0 replace effect99:spectral_block",
                "fill ~8 ~-8 ~8 ~-8 ~-7 ~-8 stone 0 replace effect99:spectral_block",
                "fill ~8 ~8 ~8 ~-8 ~7 ~-8 stone 0 replace effect99:spectral_block"
              ] 
            }
          },
          {
            "filters": { "test": "has_biome_tag", "value": "nether" },
            "run_command": {
              "command": [  
                "fill ~6 ~6 ~6 ~-6 ~-6 ~-6 netherrack 0 replace effect99:spectral_block",
                "fill ~7 ~8 ~8 ~8 ~-8 ~-8 netherrack 0 replace effect99:spectral_block",
                "fill ~-7 ~-8 ~-8 ~-8 ~8 ~8 netherrack 0 replace effect99:spectral_block",
                "fill ~-6 ~8 ~7 ~6 ~-8 ~8 netherrack 0 replace effect99:spectral_block",
                "fill ~6 ~-8 ~-7 ~-6 ~8 ~-8 netherrack 0 replace effect99:spectral_block",
                "fill ~8 ~-8 ~8 ~-8 ~-7 ~-8 netherrack 0 replace effect99:spectral_block",
                "fill ~8 ~8 ~8 ~-8 ~7 ~-8 netherrack 0 replace effect99:spectral_block"
              ] 
            }
          },
          {
            "filters": { "test": "has_biome_tag", "value": "the_end" },
            "run_command": {
              "command": [  
                "fill ~6 ~6 ~6 ~-6 ~-6 ~-6 end_stone 0 replace effect99:spectral_block",
                "fill ~7 ~8 ~8 ~8 ~-8 ~-8 end_stone 0 replace effect99:spectral_block",
                "fill ~-7 ~-8 ~-8 ~-8 ~8 ~8 end_stone 0 replace effect99:spectral_block",
                "fill ~-6 ~8 ~7 ~6 ~-8 ~8 end_stone 0 replace effect99:spectral_block",
                "fill ~6 ~-8 ~-7 ~-6 ~8 ~-8 end_stone 0 replace effect99:spectral_block",
                "fill ~8 ~-8 ~8 ~-8 ~-7 ~-8 end_stone 0 replace effect99:spectral_block",
                "fill ~8 ~8 ~8 ~-8 ~7 ~-8 end_stone 0 replace effect99:spectral_block"
              ] 
            }
          },
          {
           "filters": { "all_of": [ { "test": "has_equipment", "subject": "self", "domain": "hand", "operator": "!=", "value": "effect:slime_sword" } ] },
           "run_command": { "command": [ "ride @e[type=entity:mountable_slime,r=1,y=~-1] evict_riders" ] }
          }
        ]
      },
      "minecraft:clock_sword": {
        "sequence": [
        {
          "filters": { "test": "is_family", "subject": "self", "operator": "!=", "value": "clock_sword" },
            "add": { "component_groups": [ "minecraft:clock_sword" ] }
          }
        ]
      },
      "stop_clock_sword_event": {
        "sequence": [
        {
          "filters": { "test": "is_family", "subject": "self", "operator": "==", "value": "clock_sword" },
          "remove": { "component_groups": [ "minecraft:clock_sword" ] },
          "add": { "component_groups": [ "minecraft:default_player" ] }
          }
        ]
      },
      "minecraft:ghost_sword": {
        "sequence": [
          {
          "filters": { "test": "is_family", "subject": "self", "operator": "!=", "value": "ghost_sword" },
            "add": { "component_groups": [ "minecraft:ghost_sword" ] },
            "run_command": { "command": [ 
               "particle minecraft:egg_destroy_emitter ~ ~ ~",
               "particle minecraft:egg_destroy_emitter ~ ~0.3 ~",
               "particle minecraft:egg_destroy_emitter ~ ~0.6 ~",
               "particle minecraft:egg_destroy_emitter ~ ~0.9 ~",
               "particle minecraft:egg_destroy_emitter ~ ~1.2 ~",
               "particle minecraft:egg_destroy_emitter ~ ~1.5 ~",
               "playsound mob.wither.ambient @a[r=16] ~ ~1 ~ 2 0.3"
              ] 
            }
          },
          {
            "run_command": { "command": [ "effect @s slow_falling 1 0 true", "effect @s saturation 1 1 true" ] },
            "add": { "component_groups": [ "ghost_movement" ] }
          },
          {
            "filters": { "test": "in_water" },
            "run_command": { "command": [ "effect @s levitation 1 0 true" ] }
          },
          {
            "filters": { "test": "in_lava" },
            "run_command": { "command": [ "effect @s levitation 1 0 true", "effect @s fire_resistance 1 0 true" ] }
          },
          {
            "filters": { "test": "in_lava", "operator": "!=" },
            "run_command": { "command": [ "effect @s fire_resistance 0 0" ] }
          },
          {
            "randomize": [
              {
                "weight": 90
              },
              {
                "weight": 10,
                "run_command": { "command": [ "playsound mob.wither.spawn @a[r=16] ~ ~ ~ 0.15 0.2" ] }
              }
            ]
          }
        ]
      },
      "stop_ghost_sword_event": {
        "sequence": [
        {
          "filters": { "test": "is_family", "subject": "self", "operator": "==", "value": "ghost_sword" },
          "remove": { "component_groups": [ "minecraft:ghost_sword" ] },
          "add": { "component_groups": [ "minecraft:default_player" ] },
            "run_command": { "command": [
               "effect @s slow_falling 0 0", 
               "stopsound @a[r=18] mob.wither.spawn", 
               "playsound mob.wither.ambient @a[r=16] ~ ~1 ~ 2 0.2",
               "particle minecraft:egg_destroy_emitter ~ ~ ~",
               "particle minecraft:egg_destroy_emitter ~ ~0.3 ~",
               "particle minecraft:egg_destroy_emitter ~ ~0.6 ~",
               "particle minecraft:egg_destroy_emitter ~ ~0.9 ~",
               "particle minecraft:egg_destroy_emitter ~ ~1.2 ~",
               "particle minecraft:egg_destroy_emitter ~ ~1.5 ~",
               "particle minecraft:ghost_spiral ~~~"
              ] 
            }
          }
        ]
      },
      "minecraft:wolf_sword": {
        "sequence": [
        {
          "filters": { "test": "is_family", "subject": "self", "operator": "!=", "value": "wolf_sword" },
            "add": { "component_groups": [ "minecraft:wolf_sword" ] },
            "run_command": { "command": [ "effect @s nausea 0 0", "effect @s blindness 0 0", "effect @s nausea 0 0" ] }
          }
        ]
      },
      "stop_wolf_sword_event": {
        "sequence": [
        {
          "filters": { "test": "is_family", "subject": "self", "operator": "==", "value": "wolf_sword" },
          "remove": { "component_groups": [ "minecraft:wolf_sword", "wolf_transformation", "wolf_movement" ] },
          "run_command": { "command": [ "effect @s nausea 0 0" ] },
          "add": { "component_groups": [ "minecraft:default_player" ] }
          },
          {
            "filters": { "test": "is_family", "value": "complete_wolf_transformation" },
            "remove": { "component_groups": [ "complete_wolf_transformation" ] },
            "run_command": { "command": [ "effect @s nausea 9999 0 true", "effect @s blindness 9999 0 true" ] },
            "add": { "component_groups": [ "minecraft:default_player" ] }
          }
        ]
      },
      "wolf_sword_start_events": {
        "sequence": [
          {
           "filters": { "test": "is_family", "subject": "self", "operator": "!=", "value": "wolf_transformation" },
           "add": { "component_groups": [ "wolf_transformation" ] },
           "run_command": { "command": [ "function commands/swords_and_more_swords/swords_and_more_swords/tellraw1" ] }
          }
        ]
      },
      "starting_wolf_transformation": { "run_command": { "command": [ "effect @s nausea 5 0 true" ] }
      },
      "wolf_transformation": {
        "sequence": [
          {
             "filters": { "test": "is_family", "subject": "self", "operator": "!=", "value": "complete_wolf_transformation" },
             "run_command": { "command": [
               "playsound random.fizz @a[r=16] ~~~", 
               "playsound wolf_sword.howl @a[r=24] ~~~", 
               "playsound wolf_sword.distant_howl @a[rm=25,r=100]", 
               "particle minecraft:egg_destroy_emitter ~ ~ ~",
               "particle minecraft:egg_destroy_emitter ~ ~0.5 ~",
               "particle minecraft:egg_destroy_emitter ~ ~0.8 ~"
              ] 
            },
            "add": { "component_groups": [ "complete_wolf_transformation" ] }
          },
          {
           "filters": { "test": "is_family", "value": "wolf_transformation" },
           "remove": { "component_groups": [ "wolf_transformation" ] }
          }
        ]
      },
      "wolf_movement": { "add": { "component_groups": [ "wolf_movement" ] } 
      },
      "wolf_damage_sound": { "run_command": { "command": [ "playsound mob.wolf.bark @a[r=16] ~ ~ ~ 1 0.55" ] } 
      },
      "wolf_sword_sounds": {
        "randomize": [
          { "weight": 1, "run_command": { "command": [ "playsound mob.wolf.growl @a[r=16] ~ ~ ~ 1 0.9 24" ] } }
        ]
      },
      "stop_wolf_transformation": {
        "sequence": [
          {
            "run_command": { "command": [ "effect @s nausea 0 0", "effect @s blindness 0 0", "stopsound @a wolf_sword.howl", "stopsound @a wolf_sword.distant_howl" ] }
          },
          {
            "remove": { "component_groups": [ "wolf_transformation", "complete_wolf_transformation", "wolf_movement" ] },
            "add": { "component_groups": [ "minecraft:wolf_sword" ] }
          }
        ]
      },
      "minecraft:ultra_instinct_sword": {
        "sequence": [
        {
          "filters": { "test": "is_family", "subject": "self", "operator": "!=", "value": "ultra_instinct_sword" },
            "add": { "component_groups": [ "minecraft:ultra_instinct_sword" ] },
            "run_command": { "command": [ "particle minecraft:example_flipbook ~ ~ ~", "particle minecraft:example_flipbook ~ ~1.5 ~", "playsound mob.wither.ambient @a[r=16] ~ ~1 ~ 2 0.6" ] }
          },
          {
            "run_command": { "command": [
              "camerashake add @a[r=32] 0.1 0.016 positional", 
              "fill ~1 ~2 ~1 ~-1 ~2 ~-1 effect99:lightblock 0 replace air", 
              "fill ~1 ~2 ~1 ~-1 ~2 ~-1 effect99:lightblock 0 replace effect99:lightblock",
              "effect @s hunger 0 0",
              "effect @s blindness 0 0",
              "effect @s slowness 0 0",
              "effect @s weakness 0 0",
              "effect @s mining_fatigue 0 0",
              "effect @s nausea 0 0",
              "effect @s instant_damage 0 0",
              "effect @s wither 0 0" ] 
             },
            "add": { "component_groups": [ "ultra_instinct_sword_movement" ] }
          }
        ]
      },
      "stop_ultra_instinct_sword_event": {
        "sequence": [
        {
          "filters": { "test": "is_family", "subject": "self", "operator": "==", "value": "ultra_instinct_sword" },
          "remove": { "component_groups": [ "minecraft:ultra_instinct_sword", "ultra_instinct_sword_movement" ] },
          "add": { "component_groups": [ "minecraft:default_player" ] },
          "run_command": { "command": [ "particle minecraft:example_flipbook ~ ~ ~", "particle minecraft:example_flipbook ~ ~1.5 ~", "playsound mob.wither.ambient @a[r=16] ~ ~1 ~ 2 0.6" ] }
          }
        ]
      },
      "ultra_instinct_sword_skill": { "run_command": { "command": [ "spreadplayers ~ ~ 1 3 @s", "playsound mob.endermen.portal @a[r=17] ~ ~ ~ 1 0.6" ] } 
      },
      "ultra_instinct_sword_effects": {
        "randomize": [
          { "weight": 1, "run_command": { "command": [ "particle minecraft:balloon_gas_particle ~0.3 ~1 ~", "playsound mob.wither.spawn @a[r=16] ~ ~ ~ 1 0.3" ] } },
          { "weight": 1, "run_command": { "command": [ "particle minecraft:balloon_gas_particle ~ ~2 ~0.3", "playsound mob.wither.spawn @a[r=16] ~ ~ ~ 1 0.3" ] } },
          { "weight": 1, "run_command": { "command": [ "particle minecraft:balloon_gas_particle ~-0.3 ~ ~", "playsound mob.wither.spawn @a[r=16] ~ ~ ~ 1 0.3" ] } },
          { "weight": 1, "run_command": { "command": [ "particle minecraft:balloon_gas_particle ~ ~0.3 ~-0.3", "playsound mob.wither.spawn @a[r=16] ~ ~ ~ 1 0.3" ] } },
          { "weight": 1, "run_command": { "command": [ "particle minecraft:balloon_gas_particle ~0.3 ~1.5 ~0.3", "playsound mob.wither.spawn @a[r=16] ~ ~ ~ 1 0.3" ] } },
          { "weight": 1, "run_command": { "command": [ "particle minecraft:balloon_gas_particle ~-0.3 ~0.8 ~-0.3", "playsound mob.wither.spawn @a[r=16] ~ ~ ~ 1 0.3" ] } },
          { "weight": 1, "run_command": { "command": [ "particle minecraft:balloon_gas_particle ~-0.3 ~2 ~0.3", "playsound mob.wither.spawn @a[r=16] ~ ~ ~ 1 0.3" ] } },
          { "weight": 1, "run_command": { "command": [ "particle minecraft:balloon_gas_particle ~0.2 ~1 ~0.3", "playsound mob.wither.spawn @a[r=16] ~ ~ ~ 1 0.3" ] } },
          { "weight": 1, "run_command": { "command": [ "particle minecraft:balloon_gas_particle ~0.3 ~0.9 ~0.1", "playsound mob.wither.spawn @a[r=16] ~ ~ ~ 1 0.3" ] } },
          { "weight": 1, "run_command": { "command": [ "particle minecraft:balloon_gas_particle ~0.2 ~2.3 ~-0.2", "playsound mob.wither.spawn @a[r=16] ~ ~ ~ 1 0.3" ] } },
          { "weight": 1, "run_command": { "command": [ "particle minecraft:balloon_gas_particle ~-0.3 ~1.2 ~", "playsound mob.wither.spawn @a[r=16] ~ ~ ~ 1 0.3" ] } },
          { "weight": 1, "run_command": { "command": [ "particle minecraft:balloon_gas_particle ~0.3 ~0.3 ~0.3", "playsound mob.wither.spawn @a[r=16] ~ ~ ~ 1 0.3" ] } },
          { "weight": 1, "run_command": { "command": [ "particle minecraft:balloon_gas_particle ~0.3 ~0.6 ~0.1", "playsound mob.wither.spawn @a[r=16] ~ ~ ~ 1 0.3" ] } },
          { "weight": 1, "run_command": { "command": [ "particle minecraft:balloon_gas_particle ~-0.3 ~0.2 ~0.3", "playsound mob.wither.spawn @a[r=16] ~ ~ ~ 1 0.3" ] } },
          { "weight": 1, "run_command": { "command": [ "particle minecraft:balloon_gas_particle ~0.1 ~0.7 ~-0.3", "playsound mob.wither.spawn @a[r=16] ~ ~ ~ 1 0.3" ] } }
        ]
      },
      "minecraft:ender_sword": {
        "sequence": [
        {
        "filters": { "test": "is_family", "subject": "self", "operator": "!=", "value": "ender_sword" },
          "add": { "component_groups": [ "minecraft:ender_sword" ] },
          "run_command": { "command": [ "playsound mob.endermen.portal @a[r=8] ~ ~ ~" ] }
          },
          {
            "run_command": { "command": [ "particle minecraft:end_chest ~ ~0.6 ~" ] }
          }
        ]
      },
      "stop_ender_sword_event": {
        "sequence": [
        {
        "filters": { "test": "is_family", "subject": "self", "operator": "==", "value": "ender_sword" },
        "remove": { "component_groups": [ "minecraft:ender_sword" ] },
        "add": { "component_groups": [ "minecraft:default_player" ] }
        }
       ]
      },
      "ender_sword_sound": {
        "randomize": [
          { "weight": 1, "run_command": { "command": [ "playsound mob.endermen.scream @a[r=8] ~ ~ ~" ] } },
          { "weight": 1, "run_command": { "command": [ "playsound mob.endermen.idle @a[r=8] ~ ~ ~" ] } },
          { "weight": 1, "run_command": { "command": [ "playsound mob.endermen.stare @a[r=8] ~ ~ ~" ] } }
        ]
      },
      "ender_sword_tp": { "run_command": { "command": [ "spreadplayers ~ ~ 0 16 @s", "playsound mob.endermen.portal @a[r=17]" ] }
      },
      "ender_sword_skill": {
        "sequence": [
          {
           "run_command": { 
             "command": [ 
               "playsound mob.endermen.hit @a[r=8] ~ ~ ~"
              ]
            }
          },
          {
            "randomize": [
              {
                "weight": 50
              },
              {
                "weight": 50,
                "run_command": { "command": [ "spreadplayers ~ ~ 0 16 @s", "playsound mob.endermen.portal @a[r=17]" ] }
              }
            ]
          }
        ]
      },
      "minecraft:lightning_sword": {
        "sequence": [
        {
          "filters": { "test": "is_family", "subject": "self", "operator": "!=", "value": "lightning_sword" },
            "add": { "component_groups": [ "minecraft:lightning_sword" ] },
            "run_command": { "command": [ "summon lightning_bolt ~ 255 ~ default_lightning_bolt" ] }
          },
          {
            "run_command": { "command": [ "fill ~1 ~1 ~1 ~-1 ~-1 ~-1 effect99:lightblock2 0 replace air", "fill ~1 ~1 ~1 ~-1 ~-1 ~-1 effect99:lightblock2 0 replace effect99:lightblock2" ] }
          }
        ]
      },
      "stop_lightning_sword_event": {
        "sequence": [
        {
          "filters": { "test": "is_family", "subject": "self", "operator": "==", "value": "lightning_sword" },
          "remove": { "component_groups": [ "minecraft:lightning_sword" ] },
          "add": { "component_groups": [ "minecraft:default_player" ] }
          }
        ]
      },
      "minecraft:glowstone_sword": {
        "run_command": { "command": [ "fill ~1 ~1 ~1 ~-1 ~-1 ~-1 effect99:lightblock 0 replace air", "fill ~1 ~1 ~1 ~-1 ~-1 ~-1 effect99:lightblock 0 replace effect99:lightblock" ] }
      },
      "minecraft:wither_sword": {
        "sequence": [
        {
          "filters": { "test": "is_family", "subject": "self", "operator": "!=", "value": "wither_sword" },
            "add": { "component_groups": [ "minecraft:wither_sword" ] },
            "run_command": { "command": [ "playsound mob.wither.spawn @a[r=16]" ] }
          },
          {
            "run_command": {
              "command": [
                "fill ~5 ~5 ~5 ~-5 ~-5 ~-5 dirt 1 replace grass",
                "fill ~5 ~5 ~5 ~-5 ~-5 ~-5 air 0 replace leaves2",
                "fill ~5 ~5 ~5 ~-5 ~-5 ~-5 air 0 replace leaves",
                "fill ~5 ~5 ~5 ~-5 ~-5 ~-5 air 0 replace vine",
                "fill ~5 ~5 ~5 ~-5 ~-5 ~-5 water 0 replace ice",
                "fill ~5 ~5 ~5 ~-5 ~-5 ~-5 dirt 0 replace farmland",
                "fill ~5 ~5 ~5 ~-5 ~-5 ~-5 wither_rose 0 replace red_flower",
                "fill ~5 ~5 ~5 ~-5 ~-5 ~-5 wither_rose 0 replace yellow_flower",
                "fill ~5 ~5 ~5 ~-5 ~-5 ~-5 wither_rose 0 replace red_mushroom",
                "fill ~5 ~5 ~5 ~-5 ~-5 ~-5 wither_rose 0 replace brown_mushroom",
                "fill ~5 ~5 ~5 ~-5 ~-5 ~-5 wither_rose 0 replace double_plant",
                "effect @s wither 39960 1 true",
                "fill ~1 ~2 ~1 ~-1 ~2 ~-1 effect99:lightblock2 0 replace air", 
                "fill ~1 ~2 ~1 ~-1 ~2 ~-1 effect99:lightblock2 0 replace effect99:lightblock2"
              ]
            }
          }
        ]
      },
      "stop_wither_sword_event": {
        "sequence": [
        {
          "filters": { "test": "is_family", "subject": "self", "operator": "==", "value": "wither_sword" },
          "remove": { "component_groups": [ "minecraft:wither_sword" ] },
          "add": { "component_groups": [ "minecraft:default_player" ] },
          "run_command": { "command": [ "effect @s wither 0 0", "ride @s evict_riders" ] }
          }
        ]
      },
      "wither_sword_effects": {
        "randomize": [
          { "weight": 50, "run_command": { "command": [ "playsound mob.wither.death @a[r=16]" ] } },
          { "weight": 50, "run_command": { "command": [ "playsound mob.wither.hurt @a[r=16]" ] } }
        ]
      },
      "minecraft:time_sword": {
        "sequence": [
          {
            "add": { "component_groups": [ "minecraft:time_sword" ] }
          },
          {
            "run_command": { "command": [ "gamerule randomtickspeed 300", "effect @e[type=!player] speed 1 15 true", "time add 30", "event entity @a[family=default_player] time_sword_movement", "fill ~1 ~1 ~1 ~-1 ~-1 ~-1 effect99:lightblock2 0 replace air", "fill ~1 ~1 ~1 ~-1 ~-1 ~-1 effect99:lightblock2 0 replace effect99:lightblock2" ] }
          }
        ]
      },
      "stop_time_sword_event": {
        "sequence": [
        {
          "filters": { "test": "is_family", "subject": "self", "operator": "==", "value": "time_sword" },
          "remove": { "component_groups": [ "minecraft:time_sword" ] },
          "add": { "component_groups": [ "minecraft:default_player" ] },
          "run_command": { "command": [ "gamerule randomtickspeed 1", "effect @e[type=!player] speed 0 0", "event entity @a[family=default_player] default_player" ] }
          }
        ]
      },
      "time_sword_movement": {
        "add": { "component_groups": [ "time_sword_movement" ] }
      },
      "minecraft:sponge_sword": {
        "sequence": [
        {
          "filters": { "test": "is_family", "subject": "self", "operator": "!=", "value": "sponge_sword" },
            "add": { "component_groups": [ "minecraft:sponge_sword" ] },
            "run_command": { "command": [ "scoreboard objectives add sponge_sword dummy" ] }
          },
          {
           "filters": { "test": "in_water_or_rain" },
           "run_command": {
             "command": [
               "fill ~2 ~2 ~2 ~-2 ~-2 ~-2 sponge 0 replace water",
               "playsound random.fizz @a[r=12] ~~~ 0.6",
               "particle minecraft:cauldron_explosion_emitter ~ ~ ~",
               "scoreboard players add @s sponge_sword 1"
              ]
            }
          },
          {
            "run_command": {
             "command": [
               "fill ~2 ~2 ~2 ~-2 ~-2 ~-2 air 0 replace sponge",
               "fill ~2 ~2 ~2 ~-2 ~-2 ~-2 air 0 replace seagrass",
               "execute @s[scores={sponge_sword=150}] ~ ~ ~ event entity @s wet_sponge_sword",
               "execute @s[scores={sponge_sword=155}] ~ ~ ~ event entity @s wet_sponge_sword",
               "execute @s[scores={sponge_sword=160}] ~ ~ ~ event entity @s wet_sponge_sword"
              ]
            }
          }
        ]
      },
      "wet_sponge_sword": {
        "sequence": [
          {
            "filters": { "test": "has_equipment", "subject": "self", "domain": "hand", "value": "effect:sponge_sword" },
            "run_command": { "command": [ "replaceitem entity @s slot.weapon.mainhand 0 effect:wet_sponge_sword 1", "scoreboard players set @s sponge_sword 0", "title @s actionbar §l§gWet Sponge Sword" ] }
          }
        ]
      },
      "stop_sponge_sword_event": {
        "sequence": [
        {
          "filters": { "test": "is_family", "subject": "self", "operator": "==", "value": "sponge_sword" },
          "remove": { "component_groups": [ "minecraft:sponge_sword" ] },
          "add": { "component_groups": [ "minecraft:default_player" ] }
          }
        ]
      },
      "minecraft:spider_sword": {
        "sequence": [
        {
          "filters": { "test": "is_family", "subject": "self", "operator": "!=", "value": "spider_sword" },
            "add": { "component_groups": [ "minecraft:spider_sword" ] },
            "run_command": { "command": [ "ride @s summon_ride minecraft:spider no_ride_change minecraft:spider_sword", "particle minecraft:example_linearcurve ~ ~ ~" ] }
          }
        ]
      },
      "stop_spider_sword_event": {
        "sequence": [
        {
          "filters": { "test": "is_family", "subject": "self", "operator": "==", "value": "spider_sword" },
          "remove": { "component_groups": [ "minecraft:spider_sword" ] },
          "add": { "component_groups": [ "minecraft:default_player" ] },
          "run_command": { "command": [ "ride @s stop_riding" ] }
          }
        ]
      },
      "stop_spider_skill_event": {
        "sequence": [
          {
          "filters": { "test": "is_family", "subject": "self", "value": "spider_sword_skill" },
            "remove": { "component_groups": [ "spider_sword_skill" ] },
            "add": { "component_groups": [ "minecraft:spider_sword" ] }
          }
        ]
      },
      "spider_sword_skill": {
        "sequence": [
          {
           "filters": { "test": "is_family", "subject": "self", "operator": "!=", "value": "spider_sword_skill" },
           "add": { "component_groups": [ "spider_sword_skill" ] }
          } 
        ]
      },
      "minecraft:shulker_sword": {
        "sequence": [
        {
          "filters": { "test": "is_family", "subject": "self", "operator": "!=", "value": "shulker_sword" },
            "add": { "component_groups": [ "minecraft:shulker_sword" ] }
          },
          {
            "run_command": { "command": [ "effect @s levitation 0 0" ] }
          }
        ]
      },
      "stop_shulker_sword_event": {
        "sequence": [
        {
          "filters": { "test": "is_family", "subject": "self", "operator": "==", "value": "shulker_sword" },
          "remove": { "component_groups": [ "minecraft:shulker_sword" ] },
          "add": { "component_groups": [ "minecraft:default_player" ] },
          "run_command": { "command": [ "ride @s stop_riding" ] }
          }
        ]
      },
      "shulker_sword_skill": {
        "add": { "component_groups": [ "shulker_sword_skill" ] },
        "run_command": { "command": [ "ride @s summon_ride entity:shulker_shield no_ride_change" ] }
      },
      "minecraft:slime_sword": {
        "sequence": [
        {
          "filters": { "test": "is_family", "subject": "self", "operator": "!=", "value": "slime_sword" },
            "add": { "component_groups": [ "minecraft:slime_sword" ] }
          }
        ]
      },
      "stop_slime_sword_event": {
        "sequence": [
        {
          "filters": { "test": "is_family", "subject": "self", "operator": "==", "value": "slime_sword" },
          "remove": { "component_groups": [ "minecraft:slime_sword" ] },
          "add": { "component_groups": [ "minecraft:default_player" ] },
          "run_command": { "command": [ "ride @s stop_riding" ] }
          }
        ]
      },
      "slime_sword_skills": {
        "run_command": { "command": [ "ride @s summon_ride entity:mountable_slime no_ride_change" ] }
      },
      "minecraft:spectral_sword": {
        "sequence": [
        {
          "filters": { "test": "is_family", "subject": "self", "operator": "!=", "value": "spectral_sword" },
            "add": { "component_groups": [ "minecraft:spectral_sword" ] }
          },
          {
           "run_command": { 
             "command": [
               "fill ~1 ~1 ~1 ~-1 ~-1 ~-1 effect99:lightblock2 0 replace air", 
               "fill ~1 ~1 ~1 ~-1 ~-1 ~-1 effect99:lightblock2 0 replace effect99:lightblock2",
               "execute @s[y=8,dy=247] ~~~ event entity @s spectral_sword_function",
               "execute @s[y=0,dy=7] ~~~ event entity @s spectral_sword_function_1"
              ] 
            }
          }
        ]
      },
      "spectral_sword_function_1": {
        "sequence": [
          {
            "filters": { "all_of": [ 
            { "test": "has_biome_tag", "operator":"!=", "value": "nether" },
            { "test": "has_biome_tag", "operator":"!=", "value": "the_end" } ] },
            "run_command": {
              "command": [  
                "fill ~8 ~8 ~8 ~-8 ~-6 ~-8 stone 0 replace effect99:spectral_block"
              ] 
            }
          },
          {
            "filters": { "test": "has_biome_tag", "value": "nether" },
            "run_command": {
              "command": [  
                "fill ~8 ~8 ~8 ~-8 ~-6 ~-8 netherrack 0 replace effect99:spectral_block"
              ] 
            }
          },
          {
            "filters": { "test": "has_biome_tag", "value": "the_end" },
            "run_command": {
              "command": [  
                "fill ~8 ~8 ~8 ~-8 ~-6 ~-8 end_stone 0 replace effect99:spectral_block"
              ] 
            }
          }
        ]
      },
      "spectral_sword_function": {
        "sequence": [
          {
            "filters": { "all_of": [ 
            { "test": "has_biome_tag", "operator":"!=", "value": "nether" },
            { "test": "has_biome_tag", "operator":"!=", "value": "the_end" } ] },
            "run_command": {
              "command": [  
                "fill ~6 ~6 ~6 ~-6 ~-6 ~-6 effect99:spectral_block 0 replace stone",
                "fill ~7 ~8 ~8 ~8 ~-8 ~-8 stone 0 replace effect99:spectral_block",
                "fill ~-7 ~-8 ~-8 ~-8 ~8 ~8 stone 0 replace effect99:spectral_block",
                "fill ~-6 ~8 ~7 ~6 ~-8 ~8 stone 0 replace effect99:spectral_block",
                "fill ~6 ~-8 ~-7 ~-6 ~8 ~-8 stone 0 replace effect99:spectral_block",
                "fill ~8 ~-8 ~8 ~-8 ~-7 ~-8 stone 0 replace effect99:spectral_block",
                "fill ~8 ~8 ~8 ~-8 ~7 ~-8 stone 0 replace effect99:spectral_block"
              ] 
            }
          },
          {
            "filters": { "test": "has_biome_tag", "value": "nether" },
            "run_command": {
              "command": [  
                "fill ~6 ~6 ~6 ~-6 ~-6 ~-6 effect99:spectral_block 0 replace netherrack",
                "fill ~7 ~8 ~8 ~8 ~-8 ~-8 netherrack 0 replace effect99:spectral_block",
                "fill ~-7 ~-8 ~-8 ~-8 ~8 ~8 netherrack 0 replace effect99:spectral_block",
                "fill ~-6 ~8 ~7 ~6 ~-8 ~8 netherrack 0 replace effect99:spectral_block",
                "fill ~6 ~-8 ~-7 ~-6 ~8 ~-8 netherrack 0 replace effect99:spectral_block",
                "fill ~8 ~-8 ~8 ~-8 ~-7 ~-8 netherrack 0 replace effect99:spectral_block",
                "fill ~8 ~8 ~8 ~-8 ~7 ~-8 netherrack 0 replace effect99:spectral_block"
              ] 
            }
          },
          {
            "filters": { "test": "has_biome_tag", "value": "the_end" },
            "run_command": {
              "command": [  
                "fill ~6 ~6 ~6 ~-6 ~-6 ~-6 effect99:spectral_block 0 replace end_stone",
                "fill ~7 ~8 ~8 ~8 ~-8 ~-8 end_stone 0 replace effect99:spectral_block",
                "fill ~-7 ~-8 ~-8 ~-8 ~8 ~8 end_stone 0 replace effect99:spectral_block",
                "fill ~-6 ~8 ~7 ~6 ~-8 ~8 end_stone 0 replace effect99:spectral_block",
                "fill ~6 ~-8 ~-7 ~-6 ~8 ~-8 end_stone 0 replace effect99:spectral_block",
                "fill ~8 ~-8 ~8 ~-8 ~-7 ~-8 end_stone 0 replace effect99:spectral_block",
                "fill ~8 ~8 ~8 ~-8 ~7 ~-8 end_stone 0 replace effect99:spectral_block"
              ] 
            }
          }
        ]
      },
      "stop_spectral_sword_event": {
        "sequence": [
        {
          "filters": { "test": "is_family", "subject": "self", "operator": "==", "value": "spectral_sword" },
          "remove": { "component_groups": [ "minecraft:spectral_sword" ] },
          "run_command": { "command": [ "ride @s evict_riders" ] },
          "add": { "component_groups": [ "minecraft:default_player" ] }
          }
        ]
      },
      "spectral_sword_skills": {
        "sequence": [
          {
            "filters": { "test": "has_biome_tag", "operator": "!=", "value": "the_end" },
            "run_command": { "command": [ 
              "summon ender_crystal ~ ~1.8 ~ minecraft:detect_player"
              ] 
            }
          },
          {
            "run_command": { "command": [
              "playsound portal.travel @a[r=16] ~ ~ ~ 1 7",
              "particle minecraft:example_flipbook ~ ~3 ~"
              ] 
            }
          }
        ]
      },
      "spectral_sword_reload_skill": { 
        "sequence": [
         {
          "filters": { "test": "is_family", "subject": "self", "operator": "==", "value": "spectral_sword" },
            "add": { "component_groups": [ "minecraft:spectral_sword" ] }
          }
        ]
      },
      "minecraft:sea_sword": {
        "sequence": [
        {
          "filters": { "test": "is_family", "subject": "self", "operator": "!=", "value": "sea_sword" },
            "add": { "component_groups": [ "minecraft:sea_sword" ] },
            "run_command": { "command": [ "particle minecraft:example_bounce ~ ~ ~", "playsound random.splash @a[r=12] ~ ~ ~ 0.5" ] }
          },
          {
            "filters": { "test": "in_water" },
            "run_command": { "command": [ "effect @s conduit_power 1 0 true" ] }
          },
          {
            "filters": { "test": "in_water", "operator": "!=" },
            "run_command": { "command": [ "effect @s conduit_power 0 0" ] }
          }
        ]
      },
      "stop_sea_sword_event": {
        "sequence": [
        {
          "filters": { "test": "is_family", "subject": "self", "operator": "==", "value": "sea_sword" },
          "remove": { "component_groups": [ "minecraft:sea_sword" ] },
          "add": { "component_groups": [ "minecraft:default_player" ] },
          "run_command": { "command": [ "particle minecraft:example_bounce ~ ~ ~", "playsound random.splash @a[r=12] ~ ~ ~ 0.5", "effect @s conduit_power 0 0" ] }
          }
        ]
      },
      "minecraft:quartz_sword": {
        "sequence": [
        {
          "filters": { "test": "is_family", "subject": "self", "operator": "!=", "value": "quartz_sword" },
            "run_command": { "command": [ "effect @s instant_damage 1 1 true" ] },
            "add": { "component_groups": [ "minecraft:quartz_sword" ] }
          }
        ]
      },
      "stop_quartz_sword_event": {
        "sequence": [
        {
          "filters": { "test": "is_family", "subject": "self", "operator": "==", "value": "quartz_sword" },
          "run_command": { "command": [ "effect @s instant_damage 1 1 true" ] },
          "remove": { "component_groups": [ "minecraft:quartz_sword" ] },
          "add": { "component_groups": [ "minecraft:default_player" ] }
          }
        ]
      },
      "minecraft:obsidian_sword": {
        "sequence": [
        {
          "filters": { "test": "is_family", "subject": "self", "operator": "!=", "value": "obsidian_sword" },
            "add": { "component_groups": [ "minecraft:obsidian_sword" ] }
          }
        ]
      },
      "stop_obsidian_sword_event": {
        "sequence": [
        {
          "filters": { "test": "is_family", "subject": "self", "operator": "==", "value": "obsidian_sword" },
          "remove": { "component_groups": [ "minecraft:obsidian_sword" ] },
          "add": { "component_groups": [ "minecraft:default_player" ] }
          }
        ]
      },
      "minecraft:lapis_sword": {
        "sequence": [
        {
          "filters": { "test": "is_family", "subject": "self", "operator": "!=", "value": "lapis_sword" },
            "add": { "component_groups": [ "minecraft:lapis_sword" ] }
          }
        ]
      },
      "stop_lapis_sword_event": {
        "sequence": [
        {
          "filters": { "test": "is_family", "subject": "self", "operator": "==", "value": "lapis_sword" },
          "remove": { "component_groups": [ "minecraft:lapis_sword" ] },
          "add": { "component_groups": [ "minecraft:default_player" ] }
          }
        ]
      },
      "lapis_sword_skills": {
        "run_command": { "command": [ "xp 5 @s", "playsound random.orb @s ~ ~ ~ 0.3" ] }
      },
      "minecraft:ice_sword": {
        "sequence": [
        {
          "filters": { "test": "is_family", "subject": "self", "operator": "!=", "value": "ice_sword" },
            "add": { "component_groups": [ "minecraft:ice_sword" ] }
          },
          {
            "filters": { "all_of": [ { "test": "in_lava" }, { "test": "has_biome_tag", "operator": "!=", "value": "nether" } ] },
            "run_command": { "command": [ "playsound random.fizz @a[r=10] ~ ~ ~", "setblock ~ ~ ~ flowing_water", "replaceitem entity @s slot.weapon.mainhand 0 air 1 0", "particle minecraft:cauldron_explosion_emitter ~ ~ ~" ] }
          },
          {
            "filters": { "all_of": [ { "test": "in_lava" }, { "test": "has_biome_tag", "value": "nether" } ] },
            "run_command": { "command": [ "playsound random.fizz @a[r=10] ~ ~ ~", "replaceitem entity @s slot.weapon.mainhand 0 air 1 0", "particle minecraft:cauldron_explosion_emitter ~ ~ ~" ] }
          },
          {
            "run_command": { "command": [ 
              "fill ~2 ~-1 ~2 ~-2 ~-1 ~-2 ice 0 replace water",
              "fill ~2 ~-1 ~2 ~-2 ~-1 ~-2 ice 0 replace flowing_water",
              "fill ~3 ~-1 ~ ~3 ~-1 ~ ice 0 replace water",
              "fill ~3 ~-1 ~ ~3 ~-1 ~ ice 0 replace flowing_water",
              "fill ~ ~-1 ~3 ~ ~-1 ~3 ice 0 replace water",
              "fill ~ ~-1 ~3 ~ ~-1 ~3 ice 0 replace flowing_water",
              "fill ~-3 ~-1 ~ ~-3 ~-1 ~ ice 0 replace water",
              "fill ~-3 ~-1 ~ ~-3 ~-1 ~ ice 0 replace flowing_water",
              "fill ~ ~-1 ~-3 ~ ~-1 ~-3 ice 0 replace water",
              "fill ~ ~-1 ~-3 ~ ~-1 ~-3 ice 0 replace flowing_water",
              "execute @e[r=64,type=!player] ~ ~ ~ detect ~ ~ ~ ice 0 tp @s ~ ~ ~ ~1"
              ] 
            }
          }
        ]
      },
      "stop_ice_sword_event": {
        "sequence": [
        {
          "filters": { "test": "is_family", "subject": "self", "operator": "==", "value": "ice_sword" },
          "remove": { "component_groups": [ "minecraft:ice_sword" ] },
          "add": { "component_groups": [ "minecraft:default_player" ] }
          }
        ]
      },
      "minecraft:magma_sword": {
        "sequence": [
        {
          "filters": { "test": "is_family", "subject": "self", "operator": "!=", "value": "magma_sword" },
            "add": { "component_groups": [ "minecraft:magma_sword" ] }
          },
          {
            "run_command": { "command": [ 
              "fill ~ ~-1 ~ ~ ~-1 ~ magma 0 replace lava",
              "fill ~1 ~-1 ~1 ~ ~-1 ~ magma 0 replace lava",
              "fill ~ ~-1 ~1 ~ ~-1 ~1 magma 0 replace lava",
              "fill ~-1 ~-1 ~ ~-1 ~-1 ~ magma 0 replace lava",
              "fill ~ ~-1 ~-1 ~ ~-1 ~-1 magma 0 replace lava"
              ] 
            }
          }
        ]
      },
      "stop_magma_sword_event": {
        "sequence": [
        {
          "filters": { "test": "is_family", "subject": "self", "operator": "==", "value": "magma_sword" },
          "remove": { "component_groups": [ "minecraft:magma_sword" ] },
          "add": { "component_groups": [ "minecraft:default_player" ] }
          }
        ]
      },
      "minecraft:jungle_sword": {
        "sequence": [
        {
          "filters": { "test": "is_family", "subject": "self", "operator": "!=", "value": "jungle_sword" },
            "add": { "component_groups": [ "minecraft:jungle_sword" ] }
          },
          {
            "run_command": { "command": [ "effect @s absorption 1 2 true", "function commands/swords_and_more_swords/swords_and_more_swords/jungle_sword" ] }
          }
        ]
      },
      "stop_jungle_sword_event": {
        "sequence": [
        {
          "filters": { "test": "is_family", "subject": "self", "operator": "==", "value": "jungle_sword" },
          "remove": { "component_groups": [ "minecraft:jungle_sword" ] },
          "add": { "component_groups": [ "minecraft:default_player" ] },
          "run_command": { "command": [ "effect @s absorption 0" ] }
          }
        ]
      },

      "minecraft:grass_sword": {
        "sequence": [
        {
          "filters": { "test": "is_family", "subject": "self", "operator": "!=", "value": "grass_sword" },
            "add": { "component_groups": [ "minecraft:grass_sword" ] }
          },
          {
            "run_command": { "command": [ 
              "tag @e[tag=grass,rm=9,r=10] remove grass",
              "fill ~2 ~-1 ~2 ~-2 ~-1 ~-2 grass 0 replace dirt",
              "execute @s ~ ~ ~ detect ~ ~-1 ~ grass 0 fill ~ ~ ~ ~ ~ ~ tallgrass 0 replace air"
              ] 
            }
          }
        ]
      },
      "stop_grass_sword_event": {
        "sequence": [
        {
          "filters": { "test": "is_family", "subject": "self", "operator": "==", "value": "grass_sword" },
          "remove": { "component_groups": [ "minecraft:grass_sword" ] },
          "add": { "component_groups": [ "minecraft:default_player" ] }
          }
        ]
      },
      "grass_sword_skills": {
        "run_command": { 
          "command": [ 
            "execute @e[type=!player,type=!item,type=!entity:grass,type=!xp_orb,type=!arrow,r=8,tag=!grass] ~ ~ ~ detect ~ ~-0.1 ~ grass 0 execute @s ~ ~ ~ detect ~ ~ ~ air 0 summon entity:grass",
            "execute @e[type=!player,type=!item,type=!entity:grass,type=!xp_orb,type=!arrow,r=8,tag=!grass] ~ ~ ~ detect ~ ~-0.1 ~ grass 0 execute @s ~ ~ ~ detect ~ ~ ~ tallgrass 0 summon entity:grass" ] }
      },
      "minecraft:fire_sword": {
        "sequence": [
        {
          "filters": { "test": "is_family", "subject": "self", "operator": "!=", "value": "fire_sword" },
            "add": { "component_groups": [ "minecraft:fire_sword" ] }
          },
          {
           "run_command": {
             "command": [ 
               "fill ~3 ~3 ~3 ~-3 ~-3 ~-3 air 0 replace snow_layer",
               "fill ~3 ~3 ~3 ~-3 ~-3 ~-3 water 0 replace ice",
               "fill ~3 ~3 ~3 ~-3 ~-3 ~-3 water 0 replace blue_ice",
               "fill ~3 ~3 ~3 ~-3 ~-3 ~-3 water 0 replace packed_ice",
               "execute @e[family=!player,type=!item,r=3] ~ ~ ~ summon entity:fire",
               "fill ~1 ~1 ~1 ~-1 ~-1 ~-1 effect99:lightblock 0 replace air", 
               "fill ~1 ~1 ~1 ~-1 ~-1 ~-1 effect99:lightblock 0 replace effect99:lightblock"
              ] 
            }
          }
        ]
      },
      "stop_fire_sword_event": {
        "sequence": [
        {
          "filters": { "test": "is_family", "subject": "self", "operator": "==", "value": "fire_sword" },
          "remove": { "component_groups": [ "minecraft:fire_sword" ] },
          "add": { "component_groups": [ "minecraft:default_player" ] }
          }
        ]
      },
      "fire_sword_sound": { "run_command": { "command": [ "playsound fire.fire @a[r=8]" ] }
      },
      "minecraft:emerald_sword": {
        "sequence": [
        {
          "filters": { "test": "is_family", "subject": "self", "operator": "!=", "value": "emerald_sword" },
            "add": { "component_groups": [ "minecraft:emerald_sword" ] }
          },
          {
          "filters": {  "all_of": [ { "test": "is_in_village", "subject": "self", "value": true } ] },
            "run_command": { "command": [ "effect @s village_hero 1 0 true", "effect @e[family=villager,r=64] resistance 1 1 true" ] }
          }
        ]
      },
      "stop_emerald_sword_event": {
        "sequence": [
        {
          "filters": { "test": "is_family", "subject": "self", "operator": "==", "value": "emerald_sword" },
          "run_command": { "command": [ "effect @s village_hero 0 0 true" ] },
          "remove": { "component_groups": [ "minecraft:emerald_sword" ] },
          "add": { "component_groups": [ "minecraft:default_player" ] }
          }
        ]
      },
      "start_player_explode_event": { 
        "add": { "component_groups": [ "start_player_explode_event" ] },
        "run_command": { "command": [ "playanimation @s animation.player.explode", "playsound random.fuse" ] }
      },
      "start_player_explode": { 
        "remove": { "component_groups": [ "start_player_explode_event" ] },
        "add": { "component_groups": [ "minecraft:default_player" ] },
        "run_command": { "command": [ "summon entity:instant_creeper_explode ~ ~1 ~", "kill @s" ] }
      },
      "minecraft:cactus_sword": {
        "sequence": [
        {
          "filters": { "test": "is_family", "subject": "self", "operator": "!=", "value": "cactus_sword" },
            "add": { "component_groups": [ "minecraft:cactus_sword" ] }
          }
        ]
      },
      "stop_cactus_sword_event": {
        "sequence": [
        {
        "filters": { "test": "is_family", "subject": "self", "operator": "==", "value": "cactus_sword" },
        "remove": { "component_groups": [ "minecraft:cactus_sword" ] },
        "add": { "component_groups": [ "minecraft:default_player" ] }
        }
       ]
      },
      "cactus_sword_skills": {
        "run_command": {
          "command": [ 
            "summon entity:cactus_damage ~ ~0.5 ~", "summon entity:cactus_damage ~0.6 ~0.5 ~", "summon entity:cactus_damage ~ ~0.5 ~0.6",
            "summon entity:cactus_damage ~-0.6 ~0.5 ~", "summon entity:cactus_damage ~ ~0.5 ~-0.6", "summon entity:cactus_damage ~0.6 ~0.5 ~0.6",
            "summon entity:cactus_damage ~-0.6 ~0.5 ~-0.6", "summon entity:cactus_damage ~0.6 ~0.5 ~-0.6", "summon entity:cactus_damage ~-0.6 ~0.5 ~0.6"
          ]
        }
      },
      "minecraft:bone_sword": {
        "sequence": [
        {
          "filters": { "test": "is_family", "subject": "self", "operator": "!=", "value": "bone_sword" },
            "add": { "component_groups": [ "minecraft:bone_sword" ] }
          },
          {
          "run_command": {
            "command": [ "event entity @e[family=arrow,r=8] minecraft:inertia_disable" ]
            } 
          }
        ]
      },
      "stop_bone_sword_event": {
        "sequence": [
        {
        "filters": { "test": "is_family", "subject": "self", "operator": "==", "value": "bone_sword" },
        "remove": { "component_groups": [ "minecraft:bone_sword" ] },
        "add": { "component_groups": [ "minecraft:default_player" ] }
        }
       ]
      },
      "bone_sword_skills": {
        "run_command": {
          "command": [ "summon entity:grows_crop ~ ~0.1 ~ minecraft:grows_crop_event" ]
        }
      },
      "minecraft:blaze_sword": {
        "sequence": [
        {
        "filters": { "test": "is_family", "subject": "self", "operator": "!=", "value": "blaze_sword" },
          "add": { "component_groups": [ "minecraft:blaze_sword" ] }
        },
        {
          "run_command": {
            "command": [ "event entity @e[family=shot_by_the_blaze,r=7] minecraft:inertia_disable", "fill ~1 ~1 ~1 ~-1 ~-1 ~-1 effect99:lightblock2 0 replace air", "fill ~1 ~1 ~1 ~-1 ~-1 ~-1 effect99:lightblock2 0 replace effect99:lightblock2" ]
            } 
          }
        ]
      },
      "stop_blaze_sword_event": {
        "sequence": [
        {
        "filters": { "test": "is_family", "subject": "self", "operator": "==", "value": "blaze_sword" },
        "remove": { "component_groups": [ "minecraft:blaze_sword" ] },
        "add": { "component_groups": [ "minecraft:default_player" ] }
        }
       ]
      },
      "blaze_sword_effects": {
        "randomize": [
          { "weight": 1, "run_command": { "command": [ "particle minecraft:mobflame_single ~ ~0.2 ~" ] } },
          { "weight": 1, "run_command": { "command": [ "particle minecraft:mobflame_single ~0.3 ~0.2 ~" ] } },
          { "weight": 1, "run_command": { "command": [ "particle minecraft:mobflame_single ~ ~0.2 ~0.3" ] } },
          { "weight": 1, "run_command": { "command": [ "particle minecraft:mobflame_single ~-0.3 ~0.2 ~" ] } },
          { "weight": 1, "run_command": { "command": [ "particle minecraft:mobflame_single ~ ~0.2 ~-0.3" ] } },
          { "weight": 1, "run_command": { "command": [ "playsound mob.blaze.breathe @a[r=12] ~ ~ ~ 0.5" ] } }
        ]
      },
      "shoot_ultra_instinct_projectile": {
        "run_command": { "command": [ "playsound mob.wither.ambient @s ~ ~1 ~ 2 0.6" ] },
        "add": { "component_groups": [ "ultra_instinct_projectile" ] },
        "remove": { "component_groups": [ "ultra_instinct_projectile" ] }
      },
      "minecraft:gain_bad_omen": {
        "add": {
          "component_groups": [
            "minecraft:add_bad_omen"
          ]
        }
      },
      "minecraft:clear_add_bad_omen": {
        "remove": {
          "component_groups": [
            "minecraft:add_bad_omen"
          ]
        },
        "add": {
          "component_groups": [
            "minecraft:clear_bad_omen_spell_effect"
          ]
        }
      },
      "minecraft:trigger_raid": {
        "add": {
          "component_groups": [ "minecraft:raid_trigger" ]
        }
      },
      "minecraft:remove_raid_trigger": {
        "remove": {
          "component_groups": [ "minecraft:raid_trigger" ]
        }
      },
      "despawn": {  "add": { "component_groups": [ "despawn" ] } }
    }
  }
}