{
  "format_version": "1.10.0",
  "animation_controllers": {
    "controller.animation.rainbowpickaxe": {
      "states": {
        "default": {
          "transitions": [
            {
              "rainbowpickaxe": "(1.0)"
            }
          ],
          "on_entry": [
            "/function rainbowpickaxe"

          ]
        },
        "rainbowpickaxe": {
          "transitions": [
            {
              "default": "(1.0)"
            }
          ],
          "on_entry": [
            "/function rainbowpickaxe"
          ]
        }
      }
    }
  }
}