{
  "format_version": "1.10.0",
  "animation_controllers": {
    "controller.animation.rainbowaxe": {
      "states": {
        "default": {
          "transitions": [
            {
              "rainbowaxe": "(1.0)"
            }
          ],
          "on_entry": [
            "/function rainbowaxe"

          ]
        },
        "rainbowaxe": {
          "transitions": [
            {
              "default": "(1.0)"
            }
          ],
          "on_entry": [
            "/function rainbowaxe"
          ]
        }
      }
    }
  }
}