{
  "format_version": "1.16.100",
  "minecraft:item": {
    "description": {
      "identifier": "effect:blaze_sword",
      "category": "equipment"
    },
    "components": {
      "minecraft:foil": false,
      "minecraft:max_stack_size": 1,
      "minecraft:enchantable": {
        "value": 9,
        "slot": "sword"
      },
      "minecraft:durability": {
        "max_durability": 2300
      },
      "minecraft:allow_off_hand": false,
      "minecraft:hand_equipped": true,
      "minecraft:creative_category": {
        "parent": "itemGroup.name.sword"
      },
      "minecraft:can_destroy_in_creative": false,
      "minecraft:icon": {
        "texture": "blaze_sword"
      },
      "minecraft:repairable": {
        "repair_items": [
          {
            "items": [
              "effect:blaze_sword"
            ],
            "repair_amount": 2300
          }
        ]
      },
      "minecraft:digger": {
        "use_efficiency": true,
        "destroy_speeds": [
          {
            "block": "minecraft:web",
            "speed": 15
          },
          {
            "block": "minecraft:bamboo",
            "speed": 10
          }
        ]
      },
      "minecraft:display_name": {},
      "minecraft:damage": 6,
      "minecraft:weapon": {
        "on_hurt_entity": {
          "event": "weapon"
        },
        "on_not_hurt_entity": {
          "event": "weapon"
        },
        "on_hit_block": {
          "event": "weapon"
        }
      }
    },
    "events": {
      "weapon": {
        "sequence": [
          {
            "damage": {
              "type": "durability",
              "amount": 1,
              "target": "self"
            }
          },
          {
            "randomize": [
              {
                "weight": 14,
                "run_command": {
                  "command": [
                    "effect @s fire_resistance 1 0 true"
                  ]
                },
                "shoot": {
                  "projectile": "minecraft:small_fireball",
                  "launch_power": 1
                }
              },
              {
                "weight": 1,
                "run_command": {
                  "command": [
                    "effect @s fire_resistance 1 0 true"
                  ]
                },
                "shoot": {
                  "projectile": "minecraft:fireball",
                  "launch_power": 1
                }
              },
              {
                "weight": 85,
                "damage": {
                  "type": "durability",
                  "amount": 1,
                  "target": "self"
                }
              }
            ]
          }
        ]
      }
    }
  }
}