{
  "format_version": "1.16.100",
  "minecraft:item": {
    "description": {
      "identifier": "effect:clock_sword",
      "category": "equipment"
    },
    "components": {
      "minecraft:foil": true,
      "minecraft:max_stack_size": 1,
      "minecraft:enchantable": {
        "value": 9,
        "slot": "sword"
      },
      "minecraft:durability": {
        "max_durability": 4800
      },
      "minecraft:allow_off_hand": false,
      "minecraft:hand_equipped": true,
      "minecraft:creative_category": {
        "parent": "itemGroup.name.sword"
      },
      "minecraft:can_destroy_in_creative": false,
      "minecraft:icon": {
        "texture": "clock_sword"
      },
      "minecraft:repairable": {
        "repair_items": [
          {
            "items": [
              "effect:clock_sword"
            ],
            "repair_amount": 4800
          },
          {
            "items": [
              "minecraft:clock"
            ],
            "repair_amount": 900
          },
          {
            "items": [
              "minecraft:gold_block"
            ],
            "repair_amount": 780
          },
          {
            "items": [
              "minecraft:gold_ingot"
            ],
            "repair_amount": 87
          }
        ]
      },
      "minecraft:digger": {
        "use_efficiency": true,
        "destroy_speeds": [
          {
            "block": "minecraft:web",
            "speed": 15
          },
          {
            "block": "minecraft:bamboo",
            "speed": 10
          }
        ]
      },
      "minecraft:cooldown": {
        "category": "clock_sword",
        "duration": 15
      },
      "minecraft:display_name": {},
      "minecraft:damage": 7,
      "minecraft:on_use": {
        "on_use": {
          "event": "on_use"
        }
      },
      "minecraft:weapon": {
        "on_hurt_entity": {
          "event": "weapon"
        },
        "on_not_hurt_entity": {
          "event": "weapon"
        },
        "on_hit_block": {
          "event": "weapon"
        }
      }
    },
    "events": {
      "weapon": {
        "sequence": [
          {
            "damage": {
              "type": "durability",
              "amount": 1,
              "target": "self"
            }
          }
        ]
      },
      "on_use": {
        "damage": {
          "type": "durability",
          "amount": 10,
          "target": "self"
        },
        "run_command": {
          "command": [
            "time add 1000",
            "execute @e[family=!clock_sword,family=!time_sword,type=!item,family=!effect99_entities,type=!armor_stand] ~~~ spreadplayers ~ ~ 8 38 @s",
            "kill @e[type=item]"
          ]
        }
      }
    }
  }
}