{
  "format_version": "1.16.100",
  "minecraft:item": {
    "description": {
      "identifier": "effect:ender_sword",
      "category": "equipment"
    },
    "components": {
      "minecraft:foil": true,
      "minecraft:max_stack_size": 1,
      "minecraft:enchantable": {
        "value": 9,
        "slot": "sword"
      },
      "minecraft:durability": {
        "max_durability": 1256
      },
      "minecraft:allow_off_hand": false,
      "minecraft:hand_equipped": true,
      "minecraft:creative_category": {
        "parent": "itemGroup.name.sword"
      },
      "minecraft:can_destroy_in_creative": false,
      "minecraft:icon": {
        "texture": "ender_sword"
      },
      "minecraft:repairable": {
        "repair_items": [
          {
            "items": [
              "effect:ender_sword"
            ],
            "repair_amount": 1256
          },
          {
            "items": [
              "minecraft:ender_pearl"
            ],
            "repair_amount": 28
          },
          {
            "items": [
              "minecraft:ender_eye"
            ],
            "repair_amount": 32
          }
        ]
      },
      "minecraft:digger": {
        "use_efficiency": true,
        "destroy_speeds": [
          {
            "block": "minecraft:web",
            "speed": 15
          },
          {
            "block": "minecraft:bamboo",
            "speed": 10
          }
        ]
      },
      "minecraft:render_offsets": {
        "main_hand": {
          "first_person": {
            "position": [ 
              1, //x
              0.4, //y = First person.
              -3 //z
            ],
            "scale": [
              0.04,
              0.04,
              0.04
            ]
          },
          "third_person": {
            "position": [ 
              0.5, //x
              1.6, //z = Mirando la entidad desde al frente.
              -0.8   //y
            ],
            "scale": [
              0.038,
              0.038,
              0.038
            ]
          }
        }
      },
      "minecraft:display_name": {},
      "minecraft:damage": 9,
      "minecraft:cooldown": {
        "category": "ender_sword",
        "duration": 8
      },
      "minecraft:on_use": {
        "on_use": {
          "event": "on_use"
        }
      },
      "minecraft:weapon": {
        "on_hurt_entity": {
          "event": "weapon"
        }
      }
    },
    "events": {
      "on_use": {
        "run_command": { "command": [ "spreadplayers ~ ~ 16 32 @s", "playsound mob.endermen.portal @a[r=34]" ] },
        "damage": { "type": "durability", "amount": 5, "target": "self"  }
      },
      "weapon": {
        "sequence": [
          {
            "damage": {
              "type": "durability",
              "amount": 1,
              "target": "self"
            }
          }
        ]
      }
    }
  }
}