{
  "format_version": "1.16.100",
  "minecraft:item": {
    "description": {
      "identifier": "effect:fire_sword",
      "category": "equipment"
    },
    "components": {
      "minecraft:foil": true,
      "minecraft:max_stack_size": 1,
      "minecraft:enchantable": {
        "value": 9,
        "slot": "sword"
      },
      "minecraft:durability": {
        "max_durability": 2000
      },
      "minecraft:cooldown": {
        "category": "fire_sword",
        "duration": 25
      },
      "minecraft:allow_off_hand": false,
      "minecraft:hand_equipped": true,
      "minecraft:creative_category": {
        "parent": "itemGroup.name.sword"
      },
      "minecraft:can_destroy_in_creative": false,
      "minecraft:icon": {
        "texture": "fire_sword"
      },
      "minecraft:repairable": {
        "repair_items": [
          {
            "items": [
              "effect:fire_sword"
            ],
            "repair_amount": 2000
          },
          {
            "items": [
              "minecraft:fire"
            ],
            "repair_amount": 1000
          }
        ]
      },
      "minecraft:digger": {
        "use_efficiency": true,
        "destroy_speeds": [
          {
            "block": "minecraft:web",
            "speed": 15
          },
          {
            "block": "minecraft:bamboo",
            "speed": 10
          }
        ]
      },
      "minecraft:display_name": {},
      "minecraft:damage": 6,
      "minecraft:on_use": {
        "on_use": {
          "event": "on_use"
        }
      },
      "minecraft:weapon": {
        "on_hurt_entity": {
          "event": "weapon"
        },
        "on_not_hurt_entity": {
          "event": "weapon"
        },
        "on_hit_block": {
          "event": "weapon"
        }
      }
    },
    "events": {
      "on_use": {
        "sequence": [
          {
            "run_command": {
              "command": [
                "summon entity:living_flame ~ ~14 ~ minecraft:target",
                "summon entity:living_flame ~ ~4 ~ fire_sword_skill",
                "summon entity:living_flame ~3 ~4 ~ fire_sword_skill",
                "summon entity:living_flame ~ ~4 ~3 fire_sword_skill",
                "summon entity:living_flame ~-3 ~4 ~ fire_sword_skill",
                "summon entity:living_flame ~ ~4 ~-3 fire_sword_skill",
                "particle minecraft:example_linearcurve ~ ~0.2 ~",
                "title @s actionbar §l§6Fire rain"
              ],
              "target": "holder"
            }
          },
          {
            "damage": {
              "type": "durability",
              "amount": 20,
              "target": "self"
            }
          }
        ]
      },
      "weapon": {
        "sequence": [
          {
            "damage": {
              "type": "durability",
              "amount": 1,
              "target": "self"
            }
          },
          {
            "randomize": [
              {
                "weight": 85,
                "shoot": {
                  "projectile": "entity:fire",
                  "launch_power": 1
                }
              },
              {
                "weight": 15,
                "shoot": {
                  "projectile": "entity:living_flame",
                  "launch_power": 1
                }
              }
            ]
          }
        ]
      }
    }
  }
}