{
  "format_version": "1.16.100",
  "minecraft:item": {
    "description": {
      "identifier": "effect:ice_sword",
      "category": "equipment"
    },
    "components": {
      "minecraft:foil": true,
      "minecraft:max_stack_size": 1,
      "minecraft:enchantable": {
        "value": 9,
        "slot": "sword"
      },
      "minecraft:durability": {
        "max_durability": 500
      },
      "minecraft:cooldown": {
        "category": "ice_sword",
        "duration": 5
      },
      "minecraft:allow_off_hand": false,
      "minecraft:hand_equipped": true,
      "minecraft:creative_category": {
        "parent": "itemGroup.name.sword"
      },
      "minecraft:can_destroy_in_creative": false,
      "minecraft:icon": {
        "texture": "ice_sword"
      },
      "minecraft:repairable": {
        "repair_items": [
          {
            "items": [
              "effect:ice_sword"
            ],
            "repair_amount": 500
          },
          {
            "items": [
              "minecraft:ice"
            ],
            "repair_amount": 55
          }
        ]
      },
      "minecraft:digger": {
        "use_efficiency": true,
        "destroy_speeds": [
          {
            "block": "minecraft:web",
            "speed": 15
          },
          {
            "block": "minecraft:bamboo",
            "speed": 10
          }
        ]
      },
      "minecraft:display_name": {},
      "minecraft:damage": 8.5,
      "minecraft:on_use": {
        "on_use": {
          "event": "on_use"
        }
      },
      "minecraft:weapon": {
        "on_hurt_entity": {
          "event": "weapon"
        },
        "on_not_hurt_entity": {
          "event": "weapon"
        },
        "on_hit_block": {
          "event": "weapon"
        }
      }
    },
    "events": {
      "on_use": {
        "sequence": [
          {
            "run_command": {
              "command": [
                "execute @e[type=!enderman,type=!horse,type=!slime,type=!silverfish,type=!spider,type=!cave_spider,type=!tnt,type=!vex,type=!chicken,type=!pig,type=!wolf,type=!cat,type=!item,type=!xp_orb,type=!xp_bottle,type=!egg,type=!snowball,type=!fireball,type=!small_fireball,type=!eye_of_ender_signal,type=!ender_pearl,type=!fishing_hook,type=!falling_block,type=!lightning_bolt,type=!lingering_potion,type=!dragon_fireball,type=!ender_dragon,type=!endermite,type=!arrow,type=!thrown_trident,type=!leash_knot,type=!bat,type=!rabbit,type=!parrot,type=!ghast,type=!shulker,type=!elder_guardian,type=!guardian,type=!turtle,type=!fox,type=!squid,type=!ocelot,type=!phantom,type=!area_effect_cloud,family=!fish,family=!effect99_entities,rm=2,r=12] ~ ~ ~ fill ~1 ~-1 ~1 ~-1 ~2 ~-1 ice 0 replace air 0",
                "execute @e[type=enderman,rm=2,r=12] ~ ~ ~ fill ~1 ~-1 ~1 ~-1 ~3 ~-1 ice 0 replace air 0",
                "execute @e[family=slime_large,rm=2,r=12] ~ ~ ~ fill ~2 ~-1 ~2 ~-2 ~3 ~-2 ice 0 replace air 0",
                "execute @e[family=slime_large,rm=2,r=12] ~ ~1 ~ fill ~1 ~-1 ~1 ~-1 ~1 ~-1 air 0 replace ice",
                "execute @e[family=slime_medium,rm=2,r=12] ~ ~ ~ fill ~1 ~-1 ~1 ~-1 ~1 ~-1 ice 0 replace air 0",
                "execute @e[family=slime_medium,rm=2,r=12] ~ ~ ~ fill ~ ~ ~ ~ ~ ~ air 0 replace ice",
                "execute @e[family=slime_small,rm=2,r=12] ~ ~ ~ fill ~1 ~1 ~1 ~-1 ~-1 ~-1 ice 0 replace air 0",
                "execute @e[family=slime_small,rm=2,r=12] ~ ~ ~ fill ~ ~ ~ ~ ~ ~ air 0 replace ice",
                "execute @e[type=silverfish,rm=2,r=12] ~ ~ ~ fill ~ ~ ~ ~ ~ ~ ice 0 replace air 0",
                "execute @e[type=spider,rm=2,r=12] ~ ~ ~ fill ~1 ~-1 ~1 ~-1 ~1 ~-1 ice 0 replace air 0",
                "execute @e[type=cave_spider,rm=2,r=12] ~ ~ ~ fill ~1 ~-1 ~1 ~-1 ~1 ~-1 ice 0 replace air 0",
                "execute @e[type=tnt,rm=2,r=12] ~ ~ ~ fill ~1 ~-1 ~1 ~-1 ~1 ~-1 ice 0 replace air 0",
                "execute @e[type=vex,rm=2,r=12] ~ ~ ~ fill ~1 ~-1 ~1 ~-1 ~1 ~-1 ice 0 replace air 0",
                "execute @e[type=chicken,rm=2,r=12] ~ ~ ~ fill ~1 ~-1 ~1 ~-1 ~1 ~-1 ice 0 replace air 0",
                "execute @e[type=pig,rm=2,r=12] ~ ~ ~ fill ~1 ~-1 ~1 ~-1 ~1 ~-1 ice 0 replace air 0",
                "execute @e[type=wolf,rm=2,r=12] ~ ~ ~ fill ~1 ~-1 ~1 ~-1 ~1 ~-1 ice 0 replace air 0",
                "execute @e[type=cat,rm=2,r=12] ~ ~ ~ fill ~1 ~-1 ~1 ~-1 ~1 ~-1 ice 0 replace air 0",
                "execute @e[type=small_fireball,rm=2,r=12] ~ ~ ~ fill ~ ~ ~ ~ ~ ~ ice 0 replace air 0",
                "execute @e[type=fireball,rm=2,r=12] ~ ~ ~ fill ~ ~ ~ ~ ~ ~ ice 0 replace air 0",
                "execute @e[type=arrow,rm=2,r=12] ~ ~ ~ fill ~ ~ ~ ~ ~ ~ ice 0 replace air 0",
                "execute @e[type=lingering_potion,rm=2,r=12] ~ ~ ~ fill ~ ~ ~ ~ ~ ~ ice 0 replace air 0",
                "execute @e[type=dragon_fireball,rm=2,r=12] ~ ~ ~ fill ~ ~ ~ ~ ~ ~ ice 0 replace air 0",
                "execute @e[type=thrown_trident,rm=2,r=12] ~ ~ ~ fill ~ ~ ~ ~ ~ ~ ice 0 replace air 0",
                "execute @e[type=endermite,rm=2,r=12] ~ ~ ~ fill ~1 ~-1 ~1 ~-1 ~1 ~-1 ice 0 replace air 0",
                "execute @e[type=rabbit,rm=2,r=12] ~ ~ ~ fill ~1 ~-1 ~1 ~-1 ~1 ~-1 ice 0 replace air 0",
                "execute @e[type=parrot,rm=2,r=12] ~ ~ ~ fill ~1 ~-1 ~1 ~-1 ~1 ~-1 ice 0 replace air 0",
                "execute @e[type=phantom,rm=2,r=12] ~ ~ ~ fill ~1 ~-1 ~1 ~-1 ~1 ~-1 ice 0 replace air 0",
                "execute @e[type=shulker,rm=2,r=12] ~ ~ ~ fill ~1 ~-1 ~1 ~-1 ~1 ~-1 ice 0 replace air 0",
                "execute @e[type=guardian,rm=2,r=12] ~ ~ ~ fill ~1 ~-1 ~1 ~-1 ~1 ~-1 ice 0 replace air 0",
                "execute @e[type=ocelot,rm=2,r=12] ~ ~ ~ fill ~1 ~-1 ~1 ~-1 ~1 ~-1 ice 0 replace air 0",
                "execute @e[type=turtle,rm=2,r=12] ~ ~ ~ fill ~1 ~-1 ~1 ~-1 ~1 ~-1 ice 0 replace air 0",
                "execute @e[type=fox,rm=2,r=12] ~ ~ ~ fill ~1 ~-1 ~1 ~-1 ~1 ~-1 ice 0 replace air 0",
                "execute @e[type=squid,rm=2,r=12] ~ ~ ~ fill ~1 ~-1 ~1 ~-1 ~1 ~-1 ice 0 replace air 0",
                "execute @e[type=elder_guardian,rm=2,r=12] ~ ~ ~ fill ~2 ~-1 ~2 ~-2 ~3 ~-2 ice 0 replace air 0",
                "execute @e[type=bat,rm=2,r=12] ~ ~ ~ fill ~1 ~-1 ~1 ~-1 ~1 ~-1 ice 0 replace air 0",
                "execute @e[type=ghast,rm=2,r=12] ~ ~ ~ fill ~4 ~-3 ~4 ~-4 ~4 ~-4 ice 0 replace air 0",
                "execute @e[type=ghast,rm=2,r=12] ~ ~ ~ fill ~3 ~-2 ~3 ~-3 ~3 ~-3 air 0 replace ice",
                "execute @e[type=horse,rm=2,r=12] ~ ~ ~ fill ~1 ~-1 ~1 ~-1 ~1 ~-1 ice 0 replace air 0",
                "execute @e[type=horse,rm=2,r=12] ~ ~ ~ fill ~ ~ ~ ~ ~ ~ air 0 replace ice 0",
                "execute @e[type=player,rm=3,r=12] ~ ~ ~ fill ~1 ~-1 ~1 ~-1 ~2 ~-1 ice 0 replace air 0",
                "title @s actionbar §l§bIce Skill",
                "playsound random.fizz @a[r=12] ~ ~ ~ 1 2.3",
                "particle minecraft:knockback_roar_particle ~ ~1 ~"
              ],
              "target": "holder"
            }
          },
          {
            "damage": {
              "type": "durability",
              "amount": 6,
              "target": "self"
            }
          }
        ]
      },
      "weapon": {
        "sequence": [
          {
            "damage": {
              "type": "durability",
              "amount": 1,
              "target": "self"
            }
          },
          {
            "randomize": [
              {
                "weight": 70
              },
              {
                "weight": 30,
                "shoot": {
                  "projectile": "minecraft:snowball",
                  "launch_power": 1
                },
                "run_command": {
                  "command": [
                    "playsound random.bow @a[r=10] ~ ~ ~ 1 0.4"
                  ]
                }
              }
            ]
          }
        ]
      }
    }
  }
}