{
  "format_version": "1.16.100",
  "minecraft:item": {
    "description": {
      "identifier": "effect:shulker_sword",
      "category": "equipment"
    },
    "components": {
      "minecraft:foil": false,
      "minecraft:max_stack_size": 1,
      "minecraft:enchantable": {
        "value": 9,
        "slot": "sword"
      },
      "minecraft:cooldown": {
        "category": "shulker_sword",
        "duration": 8
      },
      "minecraft:durability": {
        "max_durability": 2609
      },
      "minecraft:allow_off_hand": false,
      "minecraft:hand_equipped": true,
      "minecraft:creative_category": {
        "parent": "itemGroup.name.sword"
      },
      "minecraft:can_destroy_in_creative": false,
      "minecraft:icon": {
        "texture": "shulker_sword"
      },
      "minecraft:repairable": {
        "repair_items": [
          {
            "items": [
              "effect:shulker_sword"
            ],
            "repair_amount": 2609
          }
        ]
      },
      "minecraft:digger": {
        "use_efficiency": true,
        "destroy_speeds": [
          {
            "block": "minecraft:web",
            "speed": 15
          },
          {
            "block": "minecraft:bamboo",
            "speed": 10
          }
        ]
      },
      "minecraft:display_name": {},
      "minecraft:damage": 6,
      "minecraft:on_use": {
        "on_use": {
          "event": "on_use"
        }
      },
      "minecraft:weapon": {
        "on_hurt_entity": {
          "event": "weapon"
        },
        "on_not_hurt_entity": {
          "event": "weapon"
        },
        "on_hit_block": {
          "event": "weapon"
        }
      }
    },
    "events": {
      "on_use": {
        "run_command": {
          "command": [
            "particle minecraft:cauldron_explosion_emitter ~3 ~ ~",
            "particle minecraft:cauldron_explosion_emitter ~ ~ ~3",
            "particle minecraft:cauldron_explosion_emitter ~-3 ~ ~",
            "particle minecraft:cauldron_explosion_emitter ~ ~ ~-3",
            "particle minecraft:cauldron_explosion_emitter ~-2.5 ~ ~2.5",
            "particle minecraft:cauldron_explosion_emitter ~2.5 ~ ~-2.5",
            "particle minecraft:cauldron_explosion_emitter ~2.5 ~ ~2.5",
            "particle minecraft:cauldron_explosion_emitter ~-2.5 ~ ~-2.5",
            "effect @e[r=6,family=!shulker_sword] levitation 1 18 false"
          ]
        },
        "damage": {
          "type": "durability",
          "amount": 8,
          "target": "self"
        }
      },
      "weapon": {
        "sequence": [
          {
            "damage": {
              "type": "durability",
              "amount": 1,
              "target": "self"
            }
          },
          {
            "randomize": [
              {
                "weight": 10,
                "shoot": {
                  "projectile": "minecraft:shulker_bullet",
                  "launch_power": 1
                },
                "run_command": {
                  "command": [
                    "playsound random.bow @a[r=10] ~ ~ ~ 1 0.4"
                  ]
                }
              },
              {
                "weight": 90
              }
            ]
          }
        ]
      }
    }
  }
}