{
  "format_version": "1.16.100",
  "minecraft:item": {
    "description": {
      "identifier": "effect:slime_sword",
      "category": "equipment"
    },
    "components": {
      "minecraft:foil": false,
      "minecraft:max_stack_size": 1,
      "minecraft:enchantable": {
        "value": 9,
        "slot": "sword"
      },
      "minecraft:durability": {
        "max_durability": 675
      },
      "minecraft:allow_off_hand": false,
      "minecraft:hand_equipped": true,
      "minecraft:creative_category": {
        "parent": "itemGroup.name.sword"
      },
      "minecraft:can_destroy_in_creative": false,
      "minecraft:icon": {
        "texture": "slime_sword"
      },
      "minecraft:repairable": {
        "repair_items": [
          {
            "items": [
              "effect:slime_sword"
            ],
            "repair_amount": 675
          },
          {
            "items": [
              "minecraft:slime"
            ],
            "repair_amount": 48
          }
        ]
      },
      "minecraft:digger": {
        "use_efficiency": true,
        "destroy_speeds": [
          {
            "block": "minecraft:web",
            "speed": 15
          },
          {
            "block": "minecraft:bamboo",
            "speed": 10
          }
        ]
      },
      "minecraft:display_name": {},
      "minecraft:damage": 6,
      "minecraft:weapon": {
        "on_hurt_entity": {
          "event": "weapon"
        }
      }
    },
    "events": {
      "weapon": {
        "sequence": [
          {
            "damage": {
              "type": "durability",
              "amount": 1,
              "target": "self"
            }
          }
        ]
      }
    }
  }
}