{
	"format_version": "1.10.0",
	"particle_effect": {
		"description": {
			"identifier": "colorcurve",
			"basic_render_parameters": {
				"material": "particles_alpha",
				"texture": "textures/addon/color-curve"
			}
		},
		"components": {
			"minecraft:emitter_rate_steady": {
				"spawn_rate": 1000,
				"max_particles": 100
			},
			"minecraft:emitter_lifetime_once": {
				"active_time": 1
			},
			"minecraft:emitter_shape_point": {},
			"minecraft:particle_lifetime_expression": {
				"max_lifetime": "(Math.random(1.5,2.5))"
			},
			"minecraft:particle_initial_spin": {
				"rotation": "Math.random(0,360)"
			},
			"minecraft:particle_initial_speed": "(Math.random(1,17))",
			"minecraft:particle_motion_dynamic": {
				"linear_acceleration": [0, 4, 0],
				"linear_drag_coefficient": 5
			},
			"minecraft:particle_appearance_billboard": {
				"size": [0.1, 0.1],
				"facing_camera_mode": "rotate_xyz",
				"uv": {
					"texture_width": 128,
					"texture_height": 24,
					"flipbook": {
						"base_UV": ["8 * (0.125 * (variable.particle_random_3 < 0.5 ? Math.round(variable.particle_random_2 * 14) * 8 + 8 : Math.round(variable.particle_random_2 * 10) * 8))", 0],
						"size_UV": [8, 8.0001],
						"step_UV": [0, 8],
						"frames_per_second": 2,
						"max_frame": 3,
						"stretch_to_lifetime": true
					}
				}
			}
		}
	}
}