{
	"format_version": "1.10.0",
	"particle_effect": {
		"description": {
			"identifier": "infinity-rgb-1",
			"basic_render_parameters": {
				"material": "particles_alpha",
				"texture": "textures/particle/particles"
			}
		},
		"curves": {
			"variable.rgb1": {
				"type": "linear",
				"input": "variable.rgb4",
				"horizontal_range": 1,
				"nodes": [1, 0, 0, 1]
			},
			"variable.rgb2": {
				"type": "linear",
				"input": "variable.rgb4",
				"horizontal_range": 1,
				"nodes": [0, 1, 0, 0]
			},
			"variable.rgb3": {
				"type": "linear",
				"input": "variable.rgb4",
				"horizontal_range": 1,
				"nodes": [0, 0, 1, 0]
			}
		},
		"components": {
			"minecraft:emitter_initialization": {
				"creation_expression": "variable.size = 0.08;variable.radius = 0.6;",
				"per_update_expression": "variable.rgb4 = (variable.emitter_age/2);"
			},
			"minecraft:emitter_local_space": {
				"position": true,
				"rotation": true
			},
			"minecraft:emitter_rate_steady": {
				"spawn_rate": 31,
				"max_particles": 60
			},
			"minecraft:emitter_lifetime_once": {
				"active_time": 2
			},
			"minecraft:emitter_shape_point": {
				"offset": ["variable.radius*-math.sin(variable.emitter_age*720)/2", 0, "variable.radius*math.cos(variable.emitter_age*360)"]
			},
			"minecraft:particle_lifetime_expression": {
				"max_lifetime": 1
			},
			"minecraft:particle_initial_speed": 0,
			"minecraft:particle_motion_dynamic": {},
			"minecraft:particle_appearance_billboard": {
				"size": ["variable.size*(1-variable.particle_age)", "variable.size*(1-variable.particle_age)"],
				"facing_camera_mode": "rotate_xyz",
				"uv": {
					"texture_width": 128,
					"texture_height": 128,
					"uv": [32, 88],
					"uv_size": [8, 8]
				}
			},
			"minecraft:particle_appearance_tinting": {
				"color": ["Math.clamp((variable.rgb1), 0, 1)", "Math.clamp((variable.rgb2), 0, 1)", "Math.clamp((variable.rgb3), 0, 1)", 1]
			}
		}
	}
}