{
  "format_version": "1.12.0",
  "minecraft:entity": {
    "description": {
      "identifier": "spawn_entity:grim",
      "is_spawnable": false,
      "is_summonable": false,
      "is_experimental": false
    },
    "component_groups": { "despawn": { "minecraft:despawn": {} } 
    },
    "components": {
      "minecraft:physics": {}
    },
    "events": {
      "minecraft:entity_spawned": {
        "sequence": [
          {
           "add": { "component_groups": [ "despawn" ] }
          },
          {
           "run_command": {
             "command": [
               "structure load grim ~ ~ ~",
                "playsound record.ward @a[r=16] ~ ~ ~ 2.0 1.5",
                "particle minecraft:example_linearcurve ~ ~0.1 ~",
                "particle minecraft:example_linearcurve ~0.2 ~0.1 ~",
                "particle minecraft:example_linearcurve ~ ~0.1 ~0.2",
                "particle minecraft:example_linearcurve ~-0.2 ~0.1 ~",
                "particle minecraft:example_linearcurve ~ ~0.1 ~-0.2"
              ]
            }
          }
        ]
      }
    }
  }
}