{
  "format_version": "1.11.0",
  "minecraft:entity": {
    "description": {
      "identifier": "entity:living_flame",
      "is_spawnable": false,
      "is_summonable": true,
      "is_experimental": false
     },
     "components": {
      "minecraft:type_family": { "family": [ "living_flame", "mob" ]
      },
      "minecraft:timer": { "time": [ 0.0, 0.0 ], "looping": true, "time_down_event": { "event": "minecraft:set_fire", "target": "self" }
      },
      "minecraft:behavior.avoid_mob_type": {
        "entity_types":[ { "filters": { "test" : "is_family", "subject" : "other", "value" : "player"} } ]
      },
      "minecraft:despawn":{
        "filters": { "all_of": [ { "test": "has_tag", "subject": "self", "operator": "==", "value": "despawn" } ] }
      },
      "minecraft:on_death": { "event": "minecraft:death_particle", "target": "self"
      },
      "minecraft:movement": { "value": 0.25
      },
      "minecraft:loot": {
        "table": "loot_tables/blocks/spiral_lucky_block/45.json"
      },
      "minecraft:behavior.random_stroll": {
        "interval": 60,
        "xz_dist": 16
      },
      "minecraft:navigation.walk": { 
        "can_path_over_water": false,
        "can_path_over_lava": true,
        "can_walk_in_lava": true,
        "can_jump": false,
        "avoid_water": true,
        "avoid_damage_blocks": true
      },
      "minecraft:movement.basic": {
      },
      "minecraft:nameable": { "allow_name_tag_renaming": false, "always_show": true
      },
      "minecraft:hurt_on_condition": {
        "damage_conditions": [
        {"filters": { "test": "in_water_or_rain", "operator": "==", "value": true },
         "cause": "drowning", "damage_per_tick": 1 } ]
      },
      "minecraft:jump.static": {
      },
      "minecraft:can_climb": {
      },
      "minecraft:behavior.float": {
        "priority": 1
      }, 
      "minecraft:attack": {
        "damage": 1
      },
      "minecraft:health": { "value": 20 },
      "minecraft:collision_box": { "width": 0.6, "height": 1 },
      "minecraft:fire_immune": true,
      "minecraft:physics": {}
    },
    "events": {
      "minecraft:set_fire": {
         "run_command": {
           "command": [
            "fill ~ ~ ~ ~ ~ ~ fire 0 replace air",
            "particle minecraft:basic_flame_particle ~ ~0.5 ~"
          ]
        }
      },
      "minecraft:death_particle": {
         "run_command": {
           "command": [
            "tag @s add despawn",
            "particle minecraft:example_linearcurve ~ ~0.1 ~",
            "playsound random.fizz @a[r=12] ~ ~ ~"
          ]
        }
      }
    }
  }
}