{
  "format_version": "1.12.0",
  "minecraft:entity": {
    "description": {
      "identifier": "spawn_entity:mini_ghast",
      "is_spawnable": false,
      "is_summonable": false,
      "is_experimental": false
    },
    "component_groups": { "despawn": { "minecraft:despawn": {} } 
    },
    "components": {
      "minecraft:physics": {}
    },
    "events": {
      "minecraft:entity_spawned": {
        "sequence": [
          {
           "add": { "component_groups": [ "despawn" ] }
          },
          {
           "run_command": {
             "command": [
               "summon ghast ~ ~0.5 ~ lucky:minighast",
               "particle minecraft:example_flipbook ~ ~0.5 ~"
              ]
            }
          }
        ]
      }
    }
  }
}