{
  "format_version": "1.12.0",
  "minecraft:entity": {
    "description": {
      "identifier": "spawn_entity:the_defender",
      "is_spawnable": false,
      "is_summonable": false,
      "is_experimental": false
    },
    "component_groups": { "despawn": { "minecraft:despawn": {} } 
    },
    "components": {
      "minecraft:physics": {}
    },
    "events": {
      "minecraft:entity_spawned": {
        "sequence": [
          {
           "add": { "component_groups": [ "despawn" ] }
          },
          {
           "randomize": [
              {
                "weight": 10,
                "run_command": {
                  "command": [
                    "summon iron_golem ~ ~ ~ minecraft:the_defender §l§gSmith§r§7_§l§gThe§r§7_§l§gDefender"
                  ]
                }
              },
              {
                "weight": 10,
                "run_command": {
                  "command": [
                    "summon iron_golem ~ ~ ~ minecraft:the_defender §l§gTom§r§7_§l§gThe§r§7_§l§gDefender"
                  ]
                }
              },
              {
                "weight": 10,
                "run_command": {
                  "command": [
                    "summon iron_golem ~ ~ ~ minecraft:the_defender §l§gTimmy§r§7_§l§gThe§r§7_§l§gDefender"
                  ]
                }
              },
              {
                "weight": 10,
                "run_command": {
                  "command": [
                    "summon iron_golem ~ ~ ~ minecraft:the_defender §l§gGreg§r§7_§l§gThe§r§7_§l§gDefender"
                  ]
                }
              },
              {
                "weight": 10,
                "run_command": {
                  "command": [
                    "summon iron_golem ~ ~ ~ minecraft:the_defender §l§gSam§r§7_§l§gThe§r§7_§l§gDefender"
                  ]
                }
              },
              {
                "weight": 10,
                "run_command": {
                  "command": [
                    "summon iron_golem ~ ~ ~ minecraft:the_defender §l§gSteven§r§7_§l§gThe§r§7_§l§gDefender"
                  ]
                }
              },
              {
                "weight": 10,
                "run_command": {
                  "command": [
                    "summon iron_golem ~ ~ ~ minecraft:the_defender §l§gTabby§r§7_§l§gThe§r§7_§l§gDefender"
                  ]
                }
              },
              {
                "weight": 10,
                "run_command": {
                  "command": [
                    "summon iron_golem ~ ~ ~ minecraft:the_defender §l§gJon§r§7_§l§gThe§r§7_§l§gDefender ~ ~ ~"
                  ]
                }
              },
              {
                "weight": 1,
                "run_command": {
                  "command": [
                    "summon iron_golem ~ ~ ~ minecraft:the_defender §l§6Fabian§r§7_§l§gThe§r§7_§l§gDefender"
                  ]
                }
              },
              {
                "weight": 1,
                "run_command": {
                  "command": [
                    "summon iron_golem ~ ~ ~ minecraft:the_defender §l§cFrancis§r§7_§l§gThe§r§7_§l§gDefender"
                  ]
                }
              },
              {
                "weight": 1,
                "run_command": {
                  "command": [
                    "summon iron_golem ~ ~ ~ minecraft:the_defender §l§bRuben§r§7_§l§gThe§r§7_§l§gDefender"
                  ]
                }
              }
            ]
          }
        ]
      }
    }
  }
}