{
  "format_version": "1.16.100",
  "minecraft:item": {
    "description": {
      "identifier": "lucky:comingsoon",
      "category": "Nature"
    },
    "components": {
     "minecraft:creative_category": {
      "parent": "itemGroup.name.monsterStoneEgg"
      },
      "minecraft:max_stack_size": 1,
      "minecraft:foil": false,
      "minecraft:hand_equipped": false,
      "minecraft:icon": {
        "texture": "null"
      },
      "minecraft:render_offsets": "tools",
      "minecraft:display_name": {}
    }
  }
}