{"packs":[{"can_be_redownloaded":false,"name":"§l§gLucky Blocks Add-On V2.2","uuid":"1acf1d2a-7e3a-1be2-fa01-8158303116e1","version":[1,0,0]},{"can_be_redownloaded":false,"name":"Keyyards Floating Texts","uuid":"ee649bcf-256c-727b-9068-6a802b89d756","version":[1,0,0]},{"can_be_redownloaded":false,"name":"fhcyy","uuid":"8d35617b-7417-46b6-9170-345e4ea5555b","version":[0,0,1]},{"can_be_redownloaded":false,"name":"Building","uuid":"6c06930d-cf39-40f9-974c-6b25f67ada18","version":[0,0,1]},{"can_be_redownloaded":false,"name":"Building2","uuid":"1cb4725d-11b6-4e7c-a668-f6d8c7af0e72","version":[0,0,1]},{"can_be_redownloaded":false,"name":"Building3","uuid":"ffbead47-81f8-408b-b838-0af63131d1a5","version":[0,0,1]},{"can_be_redownloaded":false,"name":"Building4","uuid":"e3a63d2d-0b62-48ca-b8fe-0d119279bd6e","version":[0,0,1]},{"can_be_redownloaded":false,"name":"§cDeath Count Scoreboard","uuid":"706d3725-9cda-4d78-9dc0-e6fc4aff6d2e","version":[0,0,1]},{"can_be_redownloaded":false,"name":"Custom NPC","uuid":"bfaea369-d3ad-4f5a-b3da-411e5f0d269d","version":[0,0,1]}]}
